Date,DateKey,Year,Month,MonthName,MonthShort,Day,DayOfWeekNum,DayName,IsWeekend,Quarter,QuarterName,WeekOfYear,FiscalYear,FiscalYearLabel,FiscalMonthNum,FiscalQuarter
2023-09-01,20230901,2023,9,September,Sep,1,4,Friday,False,3,Q3,35,2023,FY23-24,6,2
2023-09-02,20230902,2023,9,September,Sep,2,5,Saturday,True,3,Q3,35,2023,FY23-24,6,2
2023-09-03,20230903,2023,9,September,Sep,3,6,Sunday,True,3,Q3,35,2023,FY23-24,6,2
2023-09-04,20230904,2023,9,September,Sep,4,0,Monday,False,3,Q3,36,2023,FY23-24,6,2
2023-09-05,20230905,2023,9,September,Sep,5,1,Tuesday,False,3,Q3,36,2023,FY23-24,6,2
2023-09-06,20230906,2023,9,September,Sep,6,2,Wednesday,False,3,Q3,36,2023,FY23-24,6,2
2023-09-07,20230907,2023,9,September,Sep,7,3,Thursday,False,3,Q3,36,2023,FY23-24,6,2
2023-09-08,20230908,2023,9,September,Sep,8,4,Friday,False,3,Q3,36,2023,FY23-24,6,2
2023-09-09,20230909,2023,9,September,Sep,9,5,Saturday,True,3,Q3,36,2023,FY23-24,6,2
2023-09-10,20230910,2023,9,September,Sep,10,6,Sunday,True,3,Q3,36,2023,FY23-24,6,2
2023-09-11,20230911,2023,9,September,Sep,11,0,Monday,False,3,Q3,37,2023,FY23-24,6,2
2023-09-12,20230912,2023,9,September,Sep,12,1,Tuesday,False,3,Q3,37,2023,FY23-24,6,2
2023-09-13,20230913,2023,9,September,Sep,13,2,Wednesday,False,3,Q3,37,2023,FY23-24,6,2
2023-09-14,20230914,2023,9,September,Sep,14,3,Thursday,False,3,Q3,37,2023,FY23-24,6,2
2023-09-15,20230915,2023,9,September,Sep,15,4,Friday,False,3,Q3,37,2023,FY23-24,6,2
2023-09-16,20230916,2023,9,September,Sep,16,5,Saturday,True,3,Q3,37,2023,FY23-24,6,2
2023-09-17,20230917,2023,9,September,Sep,17,6,Sunday,True,3,Q3,37,2023,FY23-24,6,2
2023-09-18,20230918,2023,9,September,Sep,18,0,Monday,False,3,Q3,38,2023,FY23-24,6,2
2023-09-19,20230919,2023,9,September,Sep,19,1,Tuesday,False,3,Q3,38,2023,FY23-24,6,2
2023-09-20,20230920,2023,9,September,Sep,20,2,Wednesday,False,3,Q3,38,2023,FY23-24,6,2
2023-09-21,20230921,2023,9,September,Sep,21,3,Thursday,False,3,Q3,38,2023,FY23-24,6,2
2023-09-22,20230922,2023,9,September,Sep,22,4,Friday,False,3,Q3,38,2023,FY23-24,6,2
2023-09-23,20230923,2023,9,September,Sep,23,5,Saturday,True,3,Q3,38,2023,FY23-24,6,2
2023-09-24,20230924,2023,9,September,Sep,24,6,Sunday,True,3,Q3,38,2023,FY23-24,6,2
2023-09-25,20230925,2023,9,September,Sep,25,0,Monday,False,3,Q3,39,2023,FY23-24,6,2
2023-09-26,20230926,2023,9,September,Sep,26,1,Tuesday,False,3,Q3,39,2023,FY23-24,6,2
2023-09-27,20230927,2023,9,September,Sep,27,2,Wednesday,False,3,Q3,39,2023,FY23-24,6,2
2023-09-28,20230928,2023,9,September,Sep,28,3,Thursday,False,3,Q3,39,2023,FY23-24,6,2
2023-09-29,20230929,2023,9,September,Sep,29,4,Friday,False,3,Q3,39,2023,FY23-24,6,2
2023-09-30,20230930,2023,9,September,Sep,30,5,Saturday,True,3,Q3,39,2023,FY23-24,6,2
2023-10-01,20231001,2023,10,October,Oct,1,6,Sunday,True,4,Q4,39,2023,FY23-24,7,3
2023-10-02,20231002,2023,10,October,Oct,2,0,Monday,False,4,Q4,40,2023,FY23-24,7,3
2023-10-03,20231003,2023,10,October,Oct,3,1,Tuesday,False,4,Q4,40,2023,FY23-24,7,3
2023-10-04,20231004,2023,10,October,Oct,4,2,Wednesday,False,4,Q4,40,2023,FY23-24,7,3
2023-10-05,20231005,2023,10,October,Oct,5,3,Thursday,False,4,Q4,40,2023,FY23-24,7,3
2023-10-06,20231006,2023,10,October,Oct,6,4,Friday,False,4,Q4,40,2023,FY23-24,7,3
2023-10-07,20231007,2023,10,October,Oct,7,5,Saturday,True,4,Q4,40,2023,FY23-24,7,3
2023-10-08,20231008,2023,10,October,Oct,8,6,Sunday,True,4,Q4,40,2023,FY23-24,7,3
2023-10-09,20231009,2023,10,October,Oct,9,0,Monday,False,4,Q4,41,2023,FY23-24,7,3
2023-10-10,20231010,2023,10,October,Oct,10,1,Tuesday,False,4,Q4,41,2023,FY23-24,7,3
2023-10-11,20231011,2023,10,October,Oct,11,2,Wednesday,False,4,Q4,41,2023,FY23-24,7,3
2023-10-12,20231012,2023,10,October,Oct,12,3,Thursday,False,4,Q4,41,2023,FY23-24,7,3
2023-10-13,20231013,2023,10,October,Oct,13,4,Friday,False,4,Q4,41,2023,FY23-24,7,3
2023-10-14,20231014,2023,10,October,Oct,14,5,Saturday,True,4,Q4,41,2023,FY23-24,7,3
2023-10-15,20231015,2023,10,October,Oct,15,6,Sunday,True,4,Q4,41,2023,FY23-24,7,3
2023-10-16,20231016,2023,10,October,Oct,16,0,Monday,False,4,Q4,42,2023,FY23-24,7,3
2023-10-17,20231017,2023,10,October,Oct,17,1,Tuesday,False,4,Q4,42,2023,FY23-24,7,3
2023-10-18,20231018,2023,10,October,Oct,18,2,Wednesday,False,4,Q4,42,2023,FY23-24,7,3
2023-10-19,20231019,2023,10,October,Oct,19,3,Thursday,False,4,Q4,42,2023,FY23-24,7,3
2023-10-20,20231020,2023,10,October,Oct,20,4,Friday,False,4,Q4,42,2023,FY23-24,7,3
2023-10-21,20231021,2023,10,October,Oct,21,5,Saturday,True,4,Q4,42,2023,FY23-24,7,3
2023-10-22,20231022,2023,10,October,Oct,22,6,Sunday,True,4,Q4,42,2023,FY23-24,7,3
2023-10-23,20231023,2023,10,October,Oct,23,0,Monday,False,4,Q4,43,2023,FY23-24,7,3
2023-10-24,20231024,2023,10,October,Oct,24,1,Tuesday,False,4,Q4,43,2023,FY23-24,7,3
2023-10-25,20231025,2023,10,October,Oct,25,2,Wednesday,False,4,Q4,43,2023,FY23-24,7,3
2023-10-26,20231026,2023,10,October,Oct,26,3,Thursday,False,4,Q4,43,2023,FY23-24,7,3
2023-10-27,20231027,2023,10,October,Oct,27,4,Friday,False,4,Q4,43,2023,FY23-24,7,3
2023-10-28,20231028,2023,10,October,Oct,28,5,Saturday,True,4,Q4,43,2023,FY23-24,7,3
2023-10-29,20231029,2023,10,October,Oct,29,6,Sunday,True,4,Q4,43,2023,FY23-24,7,3
2023-10-30,20231030,2023,10,October,Oct,30,0,Monday,False,4,Q4,44,2023,FY23-24,7,3
2023-10-31,20231031,2023,10,October,Oct,31,1,Tuesday,False,4,Q4,44,2023,FY23-24,7,3
2023-11-01,20231101,2023,11,November,Nov,1,2,Wednesday,False,4,Q4,44,2023,FY23-24,8,3
2023-11-02,20231102,2023,11,November,Nov,2,3,Thursday,False,4,Q4,44,2023,FY23-24,8,3
2023-11-03,20231103,2023,11,November,Nov,3,4,Friday,False,4,Q4,44,2023,FY23-24,8,3
2023-11-04,20231104,2023,11,November,Nov,4,5,Saturday,True,4,Q4,44,2023,FY23-24,8,3
2023-11-05,20231105,2023,11,November,Nov,5,6,Sunday,True,4,Q4,44,2023,FY23-24,8,3
2023-11-06,20231106,2023,11,November,Nov,6,0,Monday,False,4,Q4,45,2023,FY23-24,8,3
2023-11-07,20231107,2023,11,November,Nov,7,1,Tuesday,False,4,Q4,45,2023,FY23-24,8,3
2023-11-08,20231108,2023,11,November,Nov,8,2,Wednesday,False,4,Q4,45,2023,FY23-24,8,3
2023-11-09,20231109,2023,11,November,Nov,9,3,Thursday,False,4,Q4,45,2023,FY23-24,8,3
2023-11-10,20231110,2023,11,November,Nov,10,4,Friday,False,4,Q4,45,2023,FY23-24,8,3
2023-11-11,20231111,2023,11,November,Nov,11,5,Saturday,True,4,Q4,45,2023,FY23-24,8,3
2023-11-12,20231112,2023,11,November,Nov,12,6,Sunday,True,4,Q4,45,2023,FY23-24,8,3
2023-11-13,20231113,2023,11,November,Nov,13,0,Monday,False,4,Q4,46,2023,FY23-24,8,3
2023-11-14,20231114,2023,11,November,Nov,14,1,Tuesday,False,4,Q4,46,2023,FY23-24,8,3
2023-11-15,20231115,2023,11,November,Nov,15,2,Wednesday,False,4,Q4,46,2023,FY23-24,8,3
2023-11-16,20231116,2023,11,November,Nov,16,3,Thursday,False,4,Q4,46,2023,FY23-24,8,3
2023-11-17,20231117,2023,11,November,Nov,17,4,Friday,False,4,Q4,46,2023,FY23-24,8,3
2023-11-18,20231118,2023,11,November,Nov,18,5,Saturday,True,4,Q4,46,2023,FY23-24,8,3
2023-11-19,20231119,2023,11,November,Nov,19,6,Sunday,True,4,Q4,46,2023,FY23-24,8,3
2023-11-20,20231120,2023,11,November,Nov,20,0,Monday,False,4,Q4,47,2023,FY23-24,8,3
2023-11-21,20231121,2023,11,November,Nov,21,1,Tuesday,False,4,Q4,47,2023,FY23-24,8,3
2023-11-22,20231122,2023,11,November,Nov,22,2,Wednesday,False,4,Q4,47,2023,FY23-24,8,3
2023-11-23,20231123,2023,11,November,Nov,23,3,Thursday,False,4,Q4,47,2023,FY23-24,8,3
2023-11-24,20231124,2023,11,November,Nov,24,4,Friday,False,4,Q4,47,2023,FY23-24,8,3
2023-11-25,20231125,2023,11,November,Nov,25,5,Saturday,True,4,Q4,47,2023,FY23-24,8,3
2023-11-26,20231126,2023,11,November,Nov,26,6,Sunday,True,4,Q4,47,2023,FY23-24,8,3
2023-11-27,20231127,2023,11,November,Nov,27,0,Monday,False,4,Q4,48,2023,FY23-24,8,3
2023-11-28,20231128,2023,11,November,Nov,28,1,Tuesday,False,4,Q4,48,2023,FY23-24,8,3
2023-11-29,20231129,2023,11,November,Nov,29,2,Wednesday,False,4,Q4,48,2023,FY23-24,8,3
2023-11-30,20231130,2023,11,November,Nov,30,3,Thursday,False,4,Q4,48,2023,FY23-24,8,3
2023-12-01,20231201,2023,12,December,Dec,1,4,Friday,False,4,Q4,48,2023,FY23-24,9,3
2023-12-02,20231202,2023,12,December,Dec,2,5,Saturday,True,4,Q4,48,2023,FY23-24,9,3
2023-12-03,20231203,2023,12,December,Dec,3,6,Sunday,True,4,Q4,48,2023,FY23-24,9,3
2023-12-04,20231204,2023,12,December,Dec,4,0,Monday,False,4,Q4,49,2023,FY23-24,9,3
2023-12-05,20231205,2023,12,December,Dec,5,1,Tuesday,False,4,Q4,49,2023,FY23-24,9,3
2023-12-06,20231206,2023,12,December,Dec,6,2,Wednesday,False,4,Q4,49,2023,FY23-24,9,3
2023-12-07,20231207,2023,12,December,Dec,7,3,Thursday,False,4,Q4,49,2023,FY23-24,9,3
2023-12-08,20231208,2023,12,December,Dec,8,4,Friday,False,4,Q4,49,2023,FY23-24,9,3
2023-12-09,20231209,2023,12,December,Dec,9,5,Saturday,True,4,Q4,49,2023,FY23-24,9,3
2023-12-10,20231210,2023,12,December,Dec,10,6,Sunday,True,4,Q4,49,2023,FY23-24,9,3
2023-12-11,20231211,2023,12,December,Dec,11,0,Monday,False,4,Q4,50,2023,FY23-24,9,3
2023-12-12,20231212,2023,12,December,Dec,12,1,Tuesday,False,4,Q4,50,2023,FY23-24,9,3
2023-12-13,20231213,2023,12,December,Dec,13,2,Wednesday,False,4,Q4,50,2023,FY23-24,9,3
2023-12-14,20231214,2023,12,December,Dec,14,3,Thursday,False,4,Q4,50,2023,FY23-24,9,3
2023-12-15,20231215,2023,12,December,Dec,15,4,Friday,False,4,Q4,50,2023,FY23-24,9,3
2023-12-16,20231216,2023,12,December,Dec,16,5,Saturday,True,4,Q4,50,2023,FY23-24,9,3
2023-12-17,20231217,2023,12,December,Dec,17,6,Sunday,True,4,Q4,50,2023,FY23-24,9,3
2023-12-18,20231218,2023,12,December,Dec,18,0,Monday,False,4,Q4,51,2023,FY23-24,9,3
2023-12-19,20231219,2023,12,December,Dec,19,1,Tuesday,False,4,Q4,51,2023,FY23-24,9,3
2023-12-20,20231220,2023,12,December,Dec,20,2,Wednesday,False,4,Q4,51,2023,FY23-24,9,3
2023-12-21,20231221,2023,12,December,Dec,21,3,Thursday,False,4,Q4,51,2023,FY23-24,9,3
2023-12-22,20231222,2023,12,December,Dec,22,4,Friday,False,4,Q4,51,2023,FY23-24,9,3
2023-12-23,20231223,2023,12,December,Dec,23,5,Saturday,True,4,Q4,51,2023,FY23-24,9,3
2023-12-24,20231224,2023,12,December,Dec,24,6,Sunday,True,4,Q4,51,2023,FY23-24,9,3
2023-12-25,20231225,2023,12,December,Dec,25,0,Monday,False,4,Q4,52,2023,FY23-24,9,3
2023-12-26,20231226,2023,12,December,Dec,26,1,Tuesday,False,4,Q4,52,2023,FY23-24,9,3
2023-12-27,20231227,2023,12,December,Dec,27,2,Wednesday,False,4,Q4,52,2023,FY23-24,9,3
2023-12-28,20231228,2023,12,December,Dec,28,3,Thursday,False,4,Q4,52,2023,FY23-24,9,3
2023-12-29,20231229,2023,12,December,Dec,29,4,Friday,False,4,Q4,52,2023,FY23-24,9,3
2023-12-30,20231230,2023,12,December,Dec,30,5,Saturday,True,4,Q4,52,2023,FY23-24,9,3
2023-12-31,20231231,2023,12,December,Dec,31,6,Sunday,True,4,Q4,52,2023,FY23-24,9,3
2024-01-01,20240101,2024,1,January,Jan,1,0,Monday,False,1,Q1,1,2023,FY23-24,10,4
2024-01-02,20240102,2024,1,January,Jan,2,1,Tuesday,False,1,Q1,1,2023,FY23-24,10,4
2024-01-03,20240103,2024,1,January,Jan,3,2,Wednesday,False,1,Q1,1,2023,FY23-24,10,4
2024-01-04,20240104,2024,1,January,Jan,4,3,Thursday,False,1,Q1,1,2023,FY23-24,10,4
2024-01-05,20240105,2024,1,January,Jan,5,4,Friday,False,1,Q1,1,2023,FY23-24,10,4
2024-01-06,20240106,2024,1,January,Jan,6,5,Saturday,True,1,Q1,1,2023,FY23-24,10,4
2024-01-07,20240107,2024,1,January,Jan,7,6,Sunday,True,1,Q1,1,2023,FY23-24,10,4
2024-01-08,20240108,2024,1,January,Jan,8,0,Monday,False,1,Q1,2,2023,FY23-24,10,4
2024-01-09,20240109,2024,1,January,Jan,9,1,Tuesday,False,1,Q1,2,2023,FY23-24,10,4
2024-01-10,20240110,2024,1,January,Jan,10,2,Wednesday,False,1,Q1,2,2023,FY23-24,10,4
2024-01-11,20240111,2024,1,January,Jan,11,3,Thursday,False,1,Q1,2,2023,FY23-24,10,4
2024-01-12,20240112,2024,1,January,Jan,12,4,Friday,False,1,Q1,2,2023,FY23-24,10,4
2024-01-13,20240113,2024,1,January,Jan,13,5,Saturday,True,1,Q1,2,2023,FY23-24,10,4
2024-01-14,20240114,2024,1,January,Jan,14,6,Sunday,True,1,Q1,2,2023,FY23-24,10,4
2024-01-15,20240115,2024,1,January,Jan,15,0,Monday,False,1,Q1,3,2023,FY23-24,10,4
2024-01-16,20240116,2024,1,January,Jan,16,1,Tuesday,False,1,Q1,3,2023,FY23-24,10,4
2024-01-17,20240117,2024,1,January,Jan,17,2,Wednesday,False,1,Q1,3,2023,FY23-24,10,4
2024-01-18,20240118,2024,1,January,Jan,18,3,Thursday,False,1,Q1,3,2023,FY23-24,10,4
2024-01-19,20240119,2024,1,January,Jan,19,4,Friday,False,1,Q1,3,2023,FY23-24,10,4
2024-01-20,20240120,2024,1,January,Jan,20,5,Saturday,True,1,Q1,3,2023,FY23-24,10,4
2024-01-21,20240121,2024,1,January,Jan,21,6,Sunday,True,1,Q1,3,2023,FY23-24,10,4
2024-01-22,20240122,2024,1,January,Jan,22,0,Monday,False,1,Q1,4,2023,FY23-24,10,4
2024-01-23,20240123,2024,1,January,Jan,23,1,Tuesday,False,1,Q1,4,2023,FY23-24,10,4
2024-01-24,20240124,2024,1,January,Jan,24,2,Wednesday,False,1,Q1,4,2023,FY23-24,10,4
2024-01-25,20240125,2024,1,January,Jan,25,3,Thursday,False,1,Q1,4,2023,FY23-24,10,4
2024-01-26,20240126,2024,1,January,Jan,26,4,Friday,False,1,Q1,4,2023,FY23-24,10,4
2024-01-27,20240127,2024,1,January,Jan,27,5,Saturday,True,1,Q1,4,2023,FY23-24,10,4
2024-01-28,20240128,2024,1,January,Jan,28,6,Sunday,True,1,Q1,4,2023,FY23-24,10,4
2024-01-29,20240129,2024,1,January,Jan,29,0,Monday,False,1,Q1,5,2023,FY23-24,10,4
2024-01-30,20240130,2024,1,January,Jan,30,1,Tuesday,False,1,Q1,5,2023,FY23-24,10,4
2024-01-31,20240131,2024,1,January,Jan,31,2,Wednesday,False,1,Q1,5,2023,FY23-24,10,4
2024-02-01,20240201,2024,2,February,Feb,1,3,Thursday,False,1,Q1,5,2023,FY23-24,11,4
2024-02-02,20240202,2024,2,February,Feb,2,4,Friday,False,1,Q1,5,2023,FY23-24,11,4
2024-02-03,20240203,2024,2,February,Feb,3,5,Saturday,True,1,Q1,5,2023,FY23-24,11,4
2024-02-04,20240204,2024,2,February,Feb,4,6,Sunday,True,1,Q1,5,2023,FY23-24,11,4
2024-02-05,20240205,2024,2,February,Feb,5,0,Monday,False,1,Q1,6,2023,FY23-24,11,4
2024-02-06,20240206,2024,2,February,Feb,6,1,Tuesday,False,1,Q1,6,2023,FY23-24,11,4
2024-02-07,20240207,2024,2,February,Feb,7,2,Wednesday,False,1,Q1,6,2023,FY23-24,11,4
2024-02-08,20240208,2024,2,February,Feb,8,3,Thursday,False,1,Q1,6,2023,FY23-24,11,4
2024-02-09,20240209,2024,2,February,Feb,9,4,Friday,False,1,Q1,6,2023,FY23-24,11,4
2024-02-10,20240210,2024,2,February,Feb,10,5,Saturday,True,1,Q1,6,2023,FY23-24,11,4
2024-02-11,20240211,2024,2,February,Feb,11,6,Sunday,True,1,Q1,6,2023,FY23-24,11,4
2024-02-12,20240212,2024,2,February,Feb,12,0,Monday,False,1,Q1,7,2023,FY23-24,11,4
2024-02-13,20240213,2024,2,February,Feb,13,1,Tuesday,False,1,Q1,7,2023,FY23-24,11,4
2024-02-14,20240214,2024,2,February,Feb,14,2,Wednesday,False,1,Q1,7,2023,FY23-24,11,4
2024-02-15,20240215,2024,2,February,Feb,15,3,Thursday,False,1,Q1,7,2023,FY23-24,11,4
2024-02-16,20240216,2024,2,February,Feb,16,4,Friday,False,1,Q1,7,2023,FY23-24,11,4
2024-02-17,20240217,2024,2,February,Feb,17,5,Saturday,True,1,Q1,7,2023,FY23-24,11,4
2024-02-18,20240218,2024,2,February,Feb,18,6,Sunday,True,1,Q1,7,2023,FY23-24,11,4
2024-02-19,20240219,2024,2,February,Feb,19,0,Monday,False,1,Q1,8,2023,FY23-24,11,4
2024-02-20,20240220,2024,2,February,Feb,20,1,Tuesday,False,1,Q1,8,2023,FY23-24,11,4
2024-02-21,20240221,2024,2,February,Feb,21,2,Wednesday,False,1,Q1,8,2023,FY23-24,11,4
2024-02-22,20240222,2024,2,February,Feb,22,3,Thursday,False,1,Q1,8,2023,FY23-24,11,4
2024-02-23,20240223,2024,2,February,Feb,23,4,Friday,False,1,Q1,8,2023,FY23-24,11,4
2024-02-24,20240224,2024,2,February,Feb,24,5,Saturday,True,1,Q1,8,2023,FY23-24,11,4
2024-02-25,20240225,2024,2,February,Feb,25,6,Sunday,True,1,Q1,8,2023,FY23-24,11,4
2024-02-26,20240226,2024,2,February,Feb,26,0,Monday,False,1,Q1,9,2023,FY23-24,11,4
2024-02-27,20240227,2024,2,February,Feb,27,1,Tuesday,False,1,Q1,9,2023,FY23-24,11,4
2024-02-28,20240228,2024,2,February,Feb,28,2,Wednesday,False,1,Q1,9,2023,FY23-24,11,4
2024-02-29,20240229,2024,2,February,Feb,29,3,Thursday,False,1,Q1,9,2023,FY23-24,11,4
2024-03-01,20240301,2024,3,March,Mar,1,4,Friday,False,1,Q1,9,2023,FY23-24,12,4
2024-03-02,20240302,2024,3,March,Mar,2,5,Saturday,True,1,Q1,9,2023,FY23-24,12,4
2024-03-03,20240303,2024,3,March,Mar,3,6,Sunday,True,1,Q1,9,2023,FY23-24,12,4
2024-03-04,20240304,2024,3,March,Mar,4,0,Monday,False,1,Q1,10,2023,FY23-24,12,4
2024-03-05,20240305,2024,3,March,Mar,5,1,Tuesday,False,1,Q1,10,2023,FY23-24,12,4
2024-03-06,20240306,2024,3,March,Mar,6,2,Wednesday,False,1,Q1,10,2023,FY23-24,12,4
2024-03-07,20240307,2024,3,March,Mar,7,3,Thursday,False,1,Q1,10,2023,FY23-24,12,4
2024-03-08,20240308,2024,3,March,Mar,8,4,Friday,False,1,Q1,10,2023,FY23-24,12,4
2024-03-09,20240309,2024,3,March,Mar,9,5,Saturday,True,1,Q1,10,2023,FY23-24,12,4
2024-03-10,20240310,2024,3,March,Mar,10,6,Sunday,True,1,Q1,10,2023,FY23-24,12,4
2024-03-11,20240311,2024,3,March,Mar,11,0,Monday,False,1,Q1,11,2023,FY23-24,12,4
2024-03-12,20240312,2024,3,March,Mar,12,1,Tuesday,False,1,Q1,11,2023,FY23-24,12,4
2024-03-13,20240313,2024,3,March,Mar,13,2,Wednesday,False,1,Q1,11,2023,FY23-24,12,4
2024-03-14,20240314,2024,3,March,Mar,14,3,Thursday,False,1,Q1,11,2023,FY23-24,12,4
2024-03-15,20240315,2024,3,March,Mar,15,4,Friday,False,1,Q1,11,2023,FY23-24,12,4
2024-03-16,20240316,2024,3,March,Mar,16,5,Saturday,True,1,Q1,11,2023,FY23-24,12,4
2024-03-17,20240317,2024,3,March,Mar,17,6,Sunday,True,1,Q1,11,2023,FY23-24,12,4
2024-03-18,20240318,2024,3,March,Mar,18,0,Monday,False,1,Q1,12,2023,FY23-24,12,4
2024-03-19,20240319,2024,3,March,Mar,19,1,Tuesday,False,1,Q1,12,2023,FY23-24,12,4
2024-03-20,20240320,2024,3,March,Mar,20,2,Wednesday,False,1,Q1,12,2023,FY23-24,12,4
2024-03-21,20240321,2024,3,March,Mar,21,3,Thursday,False,1,Q1,12,2023,FY23-24,12,4
2024-03-22,20240322,2024,3,March,Mar,22,4,Friday,False,1,Q1,12,2023,FY23-24,12,4
2024-03-23,20240323,2024,3,March,Mar,23,5,Saturday,True,1,Q1,12,2023,FY23-24,12,4
2024-03-24,20240324,2024,3,March,Mar,24,6,Sunday,True,1,Q1,12,2023,FY23-24,12,4
2024-03-25,20240325,2024,3,March,Mar,25,0,Monday,False,1,Q1,13,2023,FY23-24,12,4
2024-03-26,20240326,2024,3,March,Mar,26,1,Tuesday,False,1,Q1,13,2023,FY23-24,12,4
2024-03-27,20240327,2024,3,March,Mar,27,2,Wednesday,False,1,Q1,13,2023,FY23-24,12,4
2024-03-28,20240328,2024,3,March,Mar,28,3,Thursday,False,1,Q1,13,2023,FY23-24,12,4
2024-03-29,20240329,2024,3,March,Mar,29,4,Friday,False,1,Q1,13,2023,FY23-24,12,4
2024-03-30,20240330,2024,3,March,Mar,30,5,Saturday,True,1,Q1,13,2023,FY23-24,12,4
2024-03-31,20240331,2024,3,March,Mar,31,6,Sunday,True,1,Q1,13,2023,FY23-24,12,4
2024-04-01,20240401,2024,4,April,Apr,1,0,Monday,False,2,Q2,14,2024,FY24-25,1,1
2024-04-02,20240402,2024,4,April,Apr,2,1,Tuesday,False,2,Q2,14,2024,FY24-25,1,1
2024-04-03,20240403,2024,4,April,Apr,3,2,Wednesday,False,2,Q2,14,2024,FY24-25,1,1
2024-04-04,20240404,2024,4,April,Apr,4,3,Thursday,False,2,Q2,14,2024,FY24-25,1,1
2024-04-05,20240405,2024,4,April,Apr,5,4,Friday,False,2,Q2,14,2024,FY24-25,1,1
2024-04-06,20240406,2024,4,April,Apr,6,5,Saturday,True,2,Q2,14,2024,FY24-25,1,1
2024-04-07,20240407,2024,4,April,Apr,7,6,Sunday,True,2,Q2,14,2024,FY24-25,1,1
2024-04-08,20240408,2024,4,April,Apr,8,0,Monday,False,2,Q2,15,2024,FY24-25,1,1
2024-04-09,20240409,2024,4,April,Apr,9,1,Tuesday,False,2,Q2,15,2024,FY24-25,1,1
2024-04-10,20240410,2024,4,April,Apr,10,2,Wednesday,False,2,Q2,15,2024,FY24-25,1,1
2024-04-11,20240411,2024,4,April,Apr,11,3,Thursday,False,2,Q2,15,2024,FY24-25,1,1
2024-04-12,20240412,2024,4,April,Apr,12,4,Friday,False,2,Q2,15,2024,FY24-25,1,1
2024-04-13,20240413,2024,4,April,Apr,13,5,Saturday,True,2,Q2,15,2024,FY24-25,1,1
2024-04-14,20240414,2024,4,April,Apr,14,6,Sunday,True,2,Q2,15,2024,FY24-25,1,1
2024-04-15,20240415,2024,4,April,Apr,15,0,Monday,False,2,Q2,16,2024,FY24-25,1,1
2024-04-16,20240416,2024,4,April,Apr,16,1,Tuesday,False,2,Q2,16,2024,FY24-25,1,1
2024-04-17,20240417,2024,4,April,Apr,17,2,Wednesday,False,2,Q2,16,2024,FY24-25,1,1
2024-04-18,20240418,2024,4,April,Apr,18,3,Thursday,False,2,Q2,16,2024,FY24-25,1,1
2024-04-19,20240419,2024,4,April,Apr,19,4,Friday,False,2,Q2,16,2024,FY24-25,1,1
2024-04-20,20240420,2024,4,April,Apr,20,5,Saturday,True,2,Q2,16,2024,FY24-25,1,1
2024-04-21,20240421,2024,4,April,Apr,21,6,Sunday,True,2,Q2,16,2024,FY24-25,1,1
2024-04-22,20240422,2024,4,April,Apr,22,0,Monday,False,2,Q2,17,2024,FY24-25,1,1
2024-04-23,20240423,2024,4,April,Apr,23,1,Tuesday,False,2,Q2,17,2024,FY24-25,1,1
2024-04-24,20240424,2024,4,April,Apr,24,2,Wednesday,False,2,Q2,17,2024,FY24-25,1,1
2024-04-25,20240425,2024,4,April,Apr,25,3,Thursday,False,2,Q2,17,2024,FY24-25,1,1
2024-04-26,20240426,2024,4,April,Apr,26,4,Friday,False,2,Q2,17,2024,FY24-25,1,1
2024-04-27,20240427,2024,4,April,Apr,27,5,Saturday,True,2,Q2,17,2024,FY24-25,1,1
2024-04-28,20240428,2024,4,April,Apr,28,6,Sunday,True,2,Q2,17,2024,FY24-25,1,1
2024-04-29,20240429,2024,4,April,Apr,29,0,Monday,False,2,Q2,18,2024,FY24-25,1,1
2024-04-30,20240430,2024,4,April,Apr,30,1,Tuesday,False,2,Q2,18,2024,FY24-25,1,1
2024-05-01,20240501,2024,5,May,May,1,2,Wednesday,False,2,Q2,18,2024,FY24-25,2,1
2024-05-02,20240502,2024,5,May,May,2,3,Thursday,False,2,Q2,18,2024,FY24-25,2,1
2024-05-03,20240503,2024,5,May,May,3,4,Friday,False,2,Q2,18,2024,FY24-25,2,1
2024-05-04,20240504,2024,5,May,May,4,5,Saturday,True,2,Q2,18,2024,FY24-25,2,1
2024-05-05,20240505,2024,5,May,May,5,6,Sunday,True,2,Q2,18,2024,FY24-25,2,1
2024-05-06,20240506,2024,5,May,May,6,0,Monday,False,2,Q2,19,2024,FY24-25,2,1
2024-05-07,20240507,2024,5,May,May,7,1,Tuesday,False,2,Q2,19,2024,FY24-25,2,1
2024-05-08,20240508,2024,5,May,May,8,2,Wednesday,False,2,Q2,19,2024,FY24-25,2,1
2024-05-09,20240509,2024,5,May,May,9,3,Thursday,False,2,Q2,19,2024,FY24-25,2,1
2024-05-10,20240510,2024,5,May,May,10,4,Friday,False,2,Q2,19,2024,FY24-25,2,1
2024-05-11,20240511,2024,5,May,May,11,5,Saturday,True,2,Q2,19,2024,FY24-25,2,1
2024-05-12,20240512,2024,5,May,May,12,6,Sunday,True,2,Q2,19,2024,FY24-25,2,1
2024-05-13,20240513,2024,5,May,May,13,0,Monday,False,2,Q2,20,2024,FY24-25,2,1
2024-05-14,20240514,2024,5,May,May,14,1,Tuesday,False,2,Q2,20,2024,FY24-25,2,1
2024-05-15,20240515,2024,5,May,May,15,2,Wednesday,False,2,Q2,20,2024,FY24-25,2,1
2024-05-16,20240516,2024,5,May,May,16,3,Thursday,False,2,Q2,20,2024,FY24-25,2,1
2024-05-17,20240517,2024,5,May,May,17,4,Friday,False,2,Q2,20,2024,FY24-25,2,1
2024-05-18,20240518,2024,5,May,May,18,5,Saturday,True,2,Q2,20,2024,FY24-25,2,1
2024-05-19,20240519,2024,5,May,May,19,6,Sunday,True,2,Q2,20,2024,FY24-25,2,1
2024-05-20,20240520,2024,5,May,May,20,0,Monday,False,2,Q2,21,2024,FY24-25,2,1
2024-05-21,20240521,2024,5,May,May,21,1,Tuesday,False,2,Q2,21,2024,FY24-25,2,1
2024-05-22,20240522,2024,5,May,May,22,2,Wednesday,False,2,Q2,21,2024,FY24-25,2,1
2024-05-23,20240523,2024,5,May,May,23,3,Thursday,False,2,Q2,21,2024,FY24-25,2,1
2024-05-24,20240524,2024,5,May,May,24,4,Friday,False,2,Q2,21,2024,FY24-25,2,1
2024-05-25,20240525,2024,5,May,May,25,5,Saturday,True,2,Q2,21,2024,FY24-25,2,1
2024-05-26,20240526,2024,5,May,May,26,6,Sunday,True,2,Q2,21,2024,FY24-25,2,1
2024-05-27,20240527,2024,5,May,May,27,0,Monday,False,2,Q2,22,2024,FY24-25,2,1
2024-05-28,20240528,2024,5,May,May,28,1,Tuesday,False,2,Q2,22,2024,FY24-25,2,1
2024-05-29,20240529,2024,5,May,May,29,2,Wednesday,False,2,Q2,22,2024,FY24-25,2,1
2024-05-30,20240530,2024,5,May,May,30,3,Thursday,False,2,Q2,22,2024,FY24-25,2,1
2024-05-31,20240531,2024,5,May,May,31,4,Friday,False,2,Q2,22,2024,FY24-25,2,1
2024-06-01,20240601,2024,6,June,Jun,1,5,Saturday,True,2,Q2,22,2024,FY24-25,3,1
2024-06-02,20240602,2024,6,June,Jun,2,6,Sunday,True,2,Q2,22,2024,FY24-25,3,1
2024-06-03,20240603,2024,6,June,Jun,3,0,Monday,False,2,Q2,23,2024,FY24-25,3,1
2024-06-04,20240604,2024,6,June,Jun,4,1,Tuesday,False,2,Q2,23,2024,FY24-25,3,1
2024-06-05,20240605,2024,6,June,Jun,5,2,Wednesday,False,2,Q2,23,2024,FY24-25,3,1
2024-06-06,20240606,2024,6,June,Jun,6,3,Thursday,False,2,Q2,23,2024,FY24-25,3,1
2024-06-07,20240607,2024,6,June,Jun,7,4,Friday,False,2,Q2,23,2024,FY24-25,3,1
2024-06-08,20240608,2024,6,June,Jun,8,5,Saturday,True,2,Q2,23,2024,FY24-25,3,1
2024-06-09,20240609,2024,6,June,Jun,9,6,Sunday,True,2,Q2,23,2024,FY24-25,3,1
2024-06-10,20240610,2024,6,June,Jun,10,0,Monday,False,2,Q2,24,2024,FY24-25,3,1
2024-06-11,20240611,2024,6,June,Jun,11,1,Tuesday,False,2,Q2,24,2024,FY24-25,3,1
2024-06-12,20240612,2024,6,June,Jun,12,2,Wednesday,False,2,Q2,24,2024,FY24-25,3,1
2024-06-13,20240613,2024,6,June,Jun,13,3,Thursday,False,2,Q2,24,2024,FY24-25,3,1
2024-06-14,20240614,2024,6,June,Jun,14,4,Friday,False,2,Q2,24,2024,FY24-25,3,1
2024-06-15,20240615,2024,6,June,Jun,15,5,Saturday,True,2,Q2,24,2024,FY24-25,3,1
2024-06-16,20240616,2024,6,June,Jun,16,6,Sunday,True,2,Q2,24,2024,FY24-25,3,1
2024-06-17,20240617,2024,6,June,Jun,17,0,Monday,False,2,Q2,25,2024,FY24-25,3,1
2024-06-18,20240618,2024,6,June,Jun,18,1,Tuesday,False,2,Q2,25,2024,FY24-25,3,1
2024-06-19,20240619,2024,6,June,Jun,19,2,Wednesday,False,2,Q2,25,2024,FY24-25,3,1
2024-06-20,20240620,2024,6,June,Jun,20,3,Thursday,False,2,Q2,25,2024,FY24-25,3,1
2024-06-21,20240621,2024,6,June,Jun,21,4,Friday,False,2,Q2,25,2024,FY24-25,3,1
2024-06-22,20240622,2024,6,June,Jun,22,5,Saturday,True,2,Q2,25,2024,FY24-25,3,1
2024-06-23,20240623,2024,6,June,Jun,23,6,Sunday,True,2,Q2,25,2024,FY24-25,3,1
2024-06-24,20240624,2024,6,June,Jun,24,0,Monday,False,2,Q2,26,2024,FY24-25,3,1
2024-06-25,20240625,2024,6,June,Jun,25,1,Tuesday,False,2,Q2,26,2024,FY24-25,3,1
2024-06-26,20240626,2024,6,June,Jun,26,2,Wednesday,False,2,Q2,26,2024,FY24-25,3,1
2024-06-27,20240627,2024,6,June,Jun,27,3,Thursday,False,2,Q2,26,2024,FY24-25,3,1
2024-06-28,20240628,2024,6,June,Jun,28,4,Friday,False,2,Q2,26,2024,FY24-25,3,1
2024-06-29,20240629,2024,6,June,Jun,29,5,Saturday,True,2,Q2,26,2024,FY24-25,3,1
2024-06-30,20240630,2024,6,June,Jun,30,6,Sunday,True,2,Q2,26,2024,FY24-25,3,1
2024-07-01,20240701,2024,7,July,Jul,1,0,Monday,False,3,Q3,27,2024,FY24-25,4,2
2024-07-02,20240702,2024,7,July,Jul,2,1,Tuesday,False,3,Q3,27,2024,FY24-25,4,2
2024-07-03,20240703,2024,7,July,Jul,3,2,Wednesday,False,3,Q3,27,2024,FY24-25,4,2
2024-07-04,20240704,2024,7,July,Jul,4,3,Thursday,False,3,Q3,27,2024,FY24-25,4,2
2024-07-05,20240705,2024,7,July,Jul,5,4,Friday,False,3,Q3,27,2024,FY24-25,4,2
2024-07-06,20240706,2024,7,July,Jul,6,5,Saturday,True,3,Q3,27,2024,FY24-25,4,2
2024-07-07,20240707,2024,7,July,Jul,7,6,Sunday,True,3,Q3,27,2024,FY24-25,4,2
2024-07-08,20240708,2024,7,July,Jul,8,0,Monday,False,3,Q3,28,2024,FY24-25,4,2
2024-07-09,20240709,2024,7,July,Jul,9,1,Tuesday,False,3,Q3,28,2024,FY24-25,4,2
2024-07-10,20240710,2024,7,July,Jul,10,2,Wednesday,False,3,Q3,28,2024,FY24-25,4,2
2024-07-11,20240711,2024,7,July,Jul,11,3,Thursday,False,3,Q3,28,2024,FY24-25,4,2
2024-07-12,20240712,2024,7,July,Jul,12,4,Friday,False,3,Q3,28,2024,FY24-25,4,2
2024-07-13,20240713,2024,7,July,Jul,13,5,Saturday,True,3,Q3,28,2024,FY24-25,4,2
2024-07-14,20240714,2024,7,July,Jul,14,6,Sunday,True,3,Q3,28,2024,FY24-25,4,2
2024-07-15,20240715,2024,7,July,Jul,15,0,Monday,False,3,Q3,29,2024,FY24-25,4,2
2024-07-16,20240716,2024,7,July,Jul,16,1,Tuesday,False,3,Q3,29,2024,FY24-25,4,2
2024-07-17,20240717,2024,7,July,Jul,17,2,Wednesday,False,3,Q3,29,2024,FY24-25,4,2
2024-07-18,20240718,2024,7,July,Jul,18,3,Thursday,False,3,Q3,29,2024,FY24-25,4,2
2024-07-19,20240719,2024,7,July,Jul,19,4,Friday,False,3,Q3,29,2024,FY24-25,4,2
2024-07-20,20240720,2024,7,July,Jul,20,5,Saturday,True,3,Q3,29,2024,FY24-25,4,2
2024-07-21,20240721,2024,7,July,Jul,21,6,Sunday,True,3,Q3,29,2024,FY24-25,4,2
2024-07-22,20240722,2024,7,July,Jul,22,0,Monday,False,3,Q3,30,2024,FY24-25,4,2
2024-07-23,20240723,2024,7,July,Jul,23,1,Tuesday,False,3,Q3,30,2024,FY24-25,4,2
2024-07-24,20240724,2024,7,July,Jul,24,2,Wednesday,False,3,Q3,30,2024,FY24-25,4,2
2024-07-25,20240725,2024,7,July,Jul,25,3,Thursday,False,3,Q3,30,2024,FY24-25,4,2
2024-07-26,20240726,2024,7,July,Jul,26,4,Friday,False,3,Q3,30,2024,FY24-25,4,2
2024-07-27,20240727,2024,7,July,Jul,27,5,Saturday,True,3,Q3,30,2024,FY24-25,4,2
2024-07-28,20240728,2024,7,July,Jul,28,6,Sunday,True,3,Q3,30,2024,FY24-25,4,2
2024-07-29,20240729,2024,7,July,Jul,29,0,Monday,False,3,Q3,31,2024,FY24-25,4,2
2024-07-30,20240730,2024,7,July,Jul,30,1,Tuesday,False,3,Q3,31,2024,FY24-25,4,2
2024-07-31,20240731,2024,7,July,Jul,31,2,Wednesday,False,3,Q3,31,2024,FY24-25,4,2
2024-08-01,20240801,2024,8,August,Aug,1,3,Thursday,False,3,Q3,31,2024,FY24-25,5,2
2024-08-02,20240802,2024,8,August,Aug,2,4,Friday,False,3,Q3,31,2024,FY24-25,5,2
2024-08-03,20240803,2024,8,August,Aug,3,5,Saturday,True,3,Q3,31,2024,FY24-25,5,2
2024-08-04,20240804,2024,8,August,Aug,4,6,Sunday,True,3,Q3,31,2024,FY24-25,5,2
2024-08-05,20240805,2024,8,August,Aug,5,0,Monday,False,3,Q3,32,2024,FY24-25,5,2
2024-08-06,20240806,2024,8,August,Aug,6,1,Tuesday,False,3,Q3,32,2024,FY24-25,5,2
2024-08-07,20240807,2024,8,August,Aug,7,2,Wednesday,False,3,Q3,32,2024,FY24-25,5,2
2024-08-08,20240808,2024,8,August,Aug,8,3,Thursday,False,3,Q3,32,2024,FY24-25,5,2
2024-08-09,20240809,2024,8,August,Aug,9,4,Friday,False,3,Q3,32,2024,FY24-25,5,2
2024-08-10,20240810,2024,8,August,Aug,10,5,Saturday,True,3,Q3,32,2024,FY24-25,5,2
2024-08-11,20240811,2024,8,August,Aug,11,6,Sunday,True,3,Q3,32,2024,FY24-25,5,2
2024-08-12,20240812,2024,8,August,Aug,12,0,Monday,False,3,Q3,33,2024,FY24-25,5,2
2024-08-13,20240813,2024,8,August,Aug,13,1,Tuesday,False,3,Q3,33,2024,FY24-25,5,2
2024-08-14,20240814,2024,8,August,Aug,14,2,Wednesday,False,3,Q3,33,2024,FY24-25,5,2
2024-08-15,20240815,2024,8,August,Aug,15,3,Thursday,False,3,Q3,33,2024,FY24-25,5,2
2024-08-16,20240816,2024,8,August,Aug,16,4,Friday,False,3,Q3,33,2024,FY24-25,5,2
2024-08-17,20240817,2024,8,August,Aug,17,5,Saturday,True,3,Q3,33,2024,FY24-25,5,2
2024-08-18,20240818,2024,8,August,Aug,18,6,Sunday,True,3,Q3,33,2024,FY24-25,5,2
2024-08-19,20240819,2024,8,August,Aug,19,0,Monday,False,3,Q3,34,2024,FY24-25,5,2
2024-08-20,20240820,2024,8,August,Aug,20,1,Tuesday,False,3,Q3,34,2024,FY24-25,5,2
2024-08-21,20240821,2024,8,August,Aug,21,2,Wednesday,False,3,Q3,34,2024,FY24-25,5,2
2024-08-22,20240822,2024,8,August,Aug,22,3,Thursday,False,3,Q3,34,2024,FY24-25,5,2
2024-08-23,20240823,2024,8,August,Aug,23,4,Friday,False,3,Q3,34,2024,FY24-25,5,2
2024-08-24,20240824,2024,8,August,Aug,24,5,Saturday,True,3,Q3,34,2024,FY24-25,5,2
2024-08-25,20240825,2024,8,August,Aug,25,6,Sunday,True,3,Q3,34,2024,FY24-25,5,2
2024-08-26,20240826,2024,8,August,Aug,26,0,Monday,False,3,Q3,35,2024,FY24-25,5,2
2024-08-27,20240827,2024,8,August,Aug,27,1,Tuesday,False,3,Q3,35,2024,FY24-25,5,2
2024-08-28,20240828,2024,8,August,Aug,28,2,Wednesday,False,3,Q3,35,2024,FY24-25,5,2
2024-08-29,20240829,2024,8,August,Aug,29,3,Thursday,False,3,Q3,35,2024,FY24-25,5,2
2024-08-30,20240830,2024,8,August,Aug,30,4,Friday,False,3,Q3,35,2024,FY24-25,5,2
2024-08-31,20240831,2024,8,August,Aug,31,5,Saturday,True,3,Q3,35,2024,FY24-25,5,2
2024-09-01,20240901,2024,9,September,Sep,1,6,Sunday,True,3,Q3,35,2024,FY24-25,6,2
2024-09-02,20240902,2024,9,September,Sep,2,0,Monday,False,3,Q3,36,2024,FY24-25,6,2
2024-09-03,20240903,2024,9,September,Sep,3,1,Tuesday,False,3,Q3,36,2024,FY24-25,6,2
2024-09-04,20240904,2024,9,September,Sep,4,2,Wednesday,False,3,Q3,36,2024,FY24-25,6,2
2024-09-05,20240905,2024,9,September,Sep,5,3,Thursday,False,3,Q3,36,2024,FY24-25,6,2
2024-09-06,20240906,2024,9,September,Sep,6,4,Friday,False,3,Q3,36,2024,FY24-25,6,2
2024-09-07,20240907,2024,9,September,Sep,7,5,Saturday,True,3,Q3,36,2024,FY24-25,6,2
2024-09-08,20240908,2024,9,September,Sep,8,6,Sunday,True,3,Q3,36,2024,FY24-25,6,2
2024-09-09,20240909,2024,9,September,Sep,9,0,Monday,False,3,Q3,37,2024,FY24-25,6,2
2024-09-10,20240910,2024,9,September,Sep,10,1,Tuesday,False,3,Q3,37,2024,FY24-25,6,2
2024-09-11,20240911,2024,9,September,Sep,11,2,Wednesday,False,3,Q3,37,2024,FY24-25,6,2
2024-09-12,20240912,2024,9,September,Sep,12,3,Thursday,False,3,Q3,37,2024,FY24-25,6,2
2024-09-13,20240913,2024,9,September,Sep,13,4,Friday,False,3,Q3,37,2024,FY24-25,6,2
2024-09-14,20240914,2024,9,September,Sep,14,5,Saturday,True,3,Q3,37,2024,FY24-25,6,2
2024-09-15,20240915,2024,9,September,Sep,15,6,Sunday,True,3,Q3,37,2024,FY24-25,6,2
2024-09-16,20240916,2024,9,September,Sep,16,0,Monday,False,3,Q3,38,2024,FY24-25,6,2
2024-09-17,20240917,2024,9,September,Sep,17,1,Tuesday,False,3,Q3,38,2024,FY24-25,6,2
2024-09-18,20240918,2024,9,September,Sep,18,2,Wednesday,False,3,Q3,38,2024,FY24-25,6,2
2024-09-19,20240919,2024,9,September,Sep,19,3,Thursday,False,3,Q3,38,2024,FY24-25,6,2
2024-09-20,20240920,2024,9,September,Sep,20,4,Friday,False,3,Q3,38,2024,FY24-25,6,2
2024-09-21,20240921,2024,9,September,Sep,21,5,Saturday,True,3,Q3,38,2024,FY24-25,6,2
2024-09-22,20240922,2024,9,September,Sep,22,6,Sunday,True,3,Q3,38,2024,FY24-25,6,2
2024-09-23,20240923,2024,9,September,Sep,23,0,Monday,False,3,Q3,39,2024,FY24-25,6,2
2024-09-24,20240924,2024,9,September,Sep,24,1,Tuesday,False,3,Q3,39,2024,FY24-25,6,2
2024-09-25,20240925,2024,9,September,Sep,25,2,Wednesday,False,3,Q3,39,2024,FY24-25,6,2
2024-09-26,20240926,2024,9,September,Sep,26,3,Thursday,False,3,Q3,39,2024,FY24-25,6,2
2024-09-27,20240927,2024,9,September,Sep,27,4,Friday,False,3,Q3,39,2024,FY24-25,6,2
2024-09-28,20240928,2024,9,September,Sep,28,5,Saturday,True,3,Q3,39,2024,FY24-25,6,2
2024-09-29,20240929,2024,9,September,Sep,29,6,Sunday,True,3,Q3,39,2024,FY24-25,6,2
2024-09-30,20240930,2024,9,September,Sep,30,0,Monday,False,3,Q3,40,2024,FY24-25,6,2
2024-10-01,20241001,2024,10,October,Oct,1,1,Tuesday,False,4,Q4,40,2024,FY24-25,7,3
2024-10-02,20241002,2024,10,October,Oct,2,2,Wednesday,False,4,Q4,40,2024,FY24-25,7,3
2024-10-03,20241003,2024,10,October,Oct,3,3,Thursday,False,4,Q4,40,2024,FY24-25,7,3
2024-10-04,20241004,2024,10,October,Oct,4,4,Friday,False,4,Q4,40,2024,FY24-25,7,3
2024-10-05,20241005,2024,10,October,Oct,5,5,Saturday,True,4,Q4,40,2024,FY24-25,7,3
2024-10-06,20241006,2024,10,October,Oct,6,6,Sunday,True,4,Q4,40,2024,FY24-25,7,3
2024-10-07,20241007,2024,10,October,Oct,7,0,Monday,False,4,Q4,41,2024,FY24-25,7,3
2024-10-08,20241008,2024,10,October,Oct,8,1,Tuesday,False,4,Q4,41,2024,FY24-25,7,3
2024-10-09,20241009,2024,10,October,Oct,9,2,Wednesday,False,4,Q4,41,2024,FY24-25,7,3
2024-10-10,20241010,2024,10,October,Oct,10,3,Thursday,False,4,Q4,41,2024,FY24-25,7,3
2024-10-11,20241011,2024,10,October,Oct,11,4,Friday,False,4,Q4,41,2024,FY24-25,7,3
2024-10-12,20241012,2024,10,October,Oct,12,5,Saturday,True,4,Q4,41,2024,FY24-25,7,3
2024-10-13,20241013,2024,10,October,Oct,13,6,Sunday,True,4,Q4,41,2024,FY24-25,7,3
2024-10-14,20241014,2024,10,October,Oct,14,0,Monday,False,4,Q4,42,2024,FY24-25,7,3
2024-10-15,20241015,2024,10,October,Oct,15,1,Tuesday,False,4,Q4,42,2024,FY24-25,7,3
2024-10-16,20241016,2024,10,October,Oct,16,2,Wednesday,False,4,Q4,42,2024,FY24-25,7,3
2024-10-17,20241017,2024,10,October,Oct,17,3,Thursday,False,4,Q4,42,2024,FY24-25,7,3
2024-10-18,20241018,2024,10,October,Oct,18,4,Friday,False,4,Q4,42,2024,FY24-25,7,3
2024-10-19,20241019,2024,10,October,Oct,19,5,Saturday,True,4,Q4,42,2024,FY24-25,7,3
2024-10-20,20241020,2024,10,October,Oct,20,6,Sunday,True,4,Q4,42,2024,FY24-25,7,3
2024-10-21,20241021,2024,10,October,Oct,21,0,Monday,False,4,Q4,43,2024,FY24-25,7,3
2024-10-22,20241022,2024,10,October,Oct,22,1,Tuesday,False,4,Q4,43,2024,FY24-25,7,3
2024-10-23,20241023,2024,10,October,Oct,23,2,Wednesday,False,4,Q4,43,2024,FY24-25,7,3
2024-10-24,20241024,2024,10,October,Oct,24,3,Thursday,False,4,Q4,43,2024,FY24-25,7,3
2024-10-25,20241025,2024,10,October,Oct,25,4,Friday,False,4,Q4,43,2024,FY24-25,7,3
2024-10-26,20241026,2024,10,October,Oct,26,5,Saturday,True,4,Q4,43,2024,FY24-25,7,3
2024-10-27,20241027,2024,10,October,Oct,27,6,Sunday,True,4,Q4,43,2024,FY24-25,7,3
2024-10-28,20241028,2024,10,October,Oct,28,0,Monday,False,4,Q4,44,2024,FY24-25,7,3
2024-10-29,20241029,2024,10,October,Oct,29,1,Tuesday,False,4,Q4,44,2024,FY24-25,7,3
2024-10-30,20241030,2024,10,October,Oct,30,2,Wednesday,False,4,Q4,44,2024,FY24-25,7,3
2024-10-31,20241031,2024,10,October,Oct,31,3,Thursday,False,4,Q4,44,2024,FY24-25,7,3
2024-11-01,20241101,2024,11,November,Nov,1,4,Friday,False,4,Q4,44,2024,FY24-25,8,3
2024-11-02,20241102,2024,11,November,Nov,2,5,Saturday,True,4,Q4,44,2024,FY24-25,8,3
2024-11-03,20241103,2024,11,November,Nov,3,6,Sunday,True,4,Q4,44,2024,FY24-25,8,3
2024-11-04,20241104,2024,11,November,Nov,4,0,Monday,False,4,Q4,45,2024,FY24-25,8,3
2024-11-05,20241105,2024,11,November,Nov,5,1,Tuesday,False,4,Q4,45,2024,FY24-25,8,3
2024-11-06,20241106,2024,11,November,Nov,6,2,Wednesday,False,4,Q4,45,2024,FY24-25,8,3
2024-11-07,20241107,2024,11,November,Nov,7,3,Thursday,False,4,Q4,45,2024,FY24-25,8,3
2024-11-08,20241108,2024,11,November,Nov,8,4,Friday,False,4,Q4,45,2024,FY24-25,8,3
2024-11-09,20241109,2024,11,November,Nov,9,5,Saturday,True,4,Q4,45,2024,FY24-25,8,3
2024-11-10,20241110,2024,11,November,Nov,10,6,Sunday,True,4,Q4,45,2024,FY24-25,8,3
2024-11-11,20241111,2024,11,November,Nov,11,0,Monday,False,4,Q4,46,2024,FY24-25,8,3
2024-11-12,20241112,2024,11,November,Nov,12,1,Tuesday,False,4,Q4,46,2024,FY24-25,8,3
2024-11-13,20241113,2024,11,November,Nov,13,2,Wednesday,False,4,Q4,46,2024,FY24-25,8,3
2024-11-14,20241114,2024,11,November,Nov,14,3,Thursday,False,4,Q4,46,2024,FY24-25,8,3
2024-11-15,20241115,2024,11,November,Nov,15,4,Friday,False,4,Q4,46,2024,FY24-25,8,3
2024-11-16,20241116,2024,11,November,Nov,16,5,Saturday,True,4,Q4,46,2024,FY24-25,8,3
2024-11-17,20241117,2024,11,November,Nov,17,6,Sunday,True,4,Q4,46,2024,FY24-25,8,3
2024-11-18,20241118,2024,11,November,Nov,18,0,Monday,False,4,Q4,47,2024,FY24-25,8,3
2024-11-19,20241119,2024,11,November,Nov,19,1,Tuesday,False,4,Q4,47,2024,FY24-25,8,3
2024-11-20,20241120,2024,11,November,Nov,20,2,Wednesday,False,4,Q4,47,2024,FY24-25,8,3
2024-11-21,20241121,2024,11,November,Nov,21,3,Thursday,False,4,Q4,47,2024,FY24-25,8,3
2024-11-22,20241122,2024,11,November,Nov,22,4,Friday,False,4,Q4,47,2024,FY24-25,8,3
2024-11-23,20241123,2024,11,November,Nov,23,5,Saturday,True,4,Q4,47,2024,FY24-25,8,3
2024-11-24,20241124,2024,11,November,Nov,24,6,Sunday,True,4,Q4,47,2024,FY24-25,8,3
2024-11-25,20241125,2024,11,November,Nov,25,0,Monday,False,4,Q4,48,2024,FY24-25,8,3
2024-11-26,20241126,2024,11,November,Nov,26,1,Tuesday,False,4,Q4,48,2024,FY24-25,8,3
2024-11-27,20241127,2024,11,November,Nov,27,2,Wednesday,False,4,Q4,48,2024,FY24-25,8,3
2024-11-28,20241128,2024,11,November,Nov,28,3,Thursday,False,4,Q4,48,2024,FY24-25,8,3
2024-11-29,20241129,2024,11,November,Nov,29,4,Friday,False,4,Q4,48,2024,FY24-25,8,3
2024-11-30,20241130,2024,11,November,Nov,30,5,Saturday,True,4,Q4,48,2024,FY24-25,8,3
2024-12-01,20241201,2024,12,December,Dec,1,6,Sunday,True,4,Q4,48,2024,FY24-25,9,3
2024-12-02,20241202,2024,12,December,Dec,2,0,Monday,False,4,Q4,49,2024,FY24-25,9,3
2024-12-03,20241203,2024,12,December,Dec,3,1,Tuesday,False,4,Q4,49,2024,FY24-25,9,3
2024-12-04,20241204,2024,12,December,Dec,4,2,Wednesday,False,4,Q4,49,2024,FY24-25,9,3
2024-12-05,20241205,2024,12,December,Dec,5,3,Thursday,False,4,Q4,49,2024,FY24-25,9,3
2024-12-06,20241206,2024,12,December,Dec,6,4,Friday,False,4,Q4,49,2024,FY24-25,9,3
2024-12-07,20241207,2024,12,December,Dec,7,5,Saturday,True,4,Q4,49,2024,FY24-25,9,3
2024-12-08,20241208,2024,12,December,Dec,8,6,Sunday,True,4,Q4,49,2024,FY24-25,9,3
2024-12-09,20241209,2024,12,December,Dec,9,0,Monday,False,4,Q4,50,2024,FY24-25,9,3
2024-12-10,20241210,2024,12,December,Dec,10,1,Tuesday,False,4,Q4,50,2024,FY24-25,9,3
2024-12-11,20241211,2024,12,December,Dec,11,2,Wednesday,False,4,Q4,50,2024,FY24-25,9,3
2024-12-12,20241212,2024,12,December,Dec,12,3,Thursday,False,4,Q4,50,2024,FY24-25,9,3
2024-12-13,20241213,2024,12,December,Dec,13,4,Friday,False,4,Q4,50,2024,FY24-25,9,3
2024-12-14,20241214,2024,12,December,Dec,14,5,Saturday,True,4,Q4,50,2024,FY24-25,9,3
2024-12-15,20241215,2024,12,December,Dec,15,6,Sunday,True,4,Q4,50,2024,FY24-25,9,3
2024-12-16,20241216,2024,12,December,Dec,16,0,Monday,False,4,Q4,51,2024,FY24-25,9,3
2024-12-17,20241217,2024,12,December,Dec,17,1,Tuesday,False,4,Q4,51,2024,FY24-25,9,3
2024-12-18,20241218,2024,12,December,Dec,18,2,Wednesday,False,4,Q4,51,2024,FY24-25,9,3
2024-12-19,20241219,2024,12,December,Dec,19,3,Thursday,False,4,Q4,51,2024,FY24-25,9,3
2024-12-20,20241220,2024,12,December,Dec,20,4,Friday,False,4,Q4,51,2024,FY24-25,9,3
2024-12-21,20241221,2024,12,December,Dec,21,5,Saturday,True,4,Q4,51,2024,FY24-25,9,3
2024-12-22,20241222,2024,12,December,Dec,22,6,Sunday,True,4,Q4,51,2024,FY24-25,9,3
2024-12-23,20241223,2024,12,December,Dec,23,0,Monday,False,4,Q4,52,2024,FY24-25,9,3
2024-12-24,20241224,2024,12,December,Dec,24,1,Tuesday,False,4,Q4,52,2024,FY24-25,9,3
2024-12-25,20241225,2024,12,December,Dec,25,2,Wednesday,False,4,Q4,52,2024,FY24-25,9,3
2024-12-26,20241226,2024,12,December,Dec,26,3,Thursday,False,4,Q4,52,2024,FY24-25,9,3
2024-12-27,20241227,2024,12,December,Dec,27,4,Friday,False,4,Q4,52,2024,FY24-25,9,3
2024-12-28,20241228,2024,12,December,Dec,28,5,Saturday,True,4,Q4,52,2024,FY24-25,9,3
2024-12-29,20241229,2024,12,December,Dec,29,6,Sunday,True,4,Q4,52,2024,FY24-25,9,3
2024-12-30,20241230,2024,12,December,Dec,30,0,Monday,False,4,Q4,1,2024,FY24-25,9,3
2024-12-31,20241231,2024,12,December,Dec,31,1,Tuesday,False,4,Q4,1,2024,FY24-25,9,3
2025-01-01,20250101,2025,1,January,Jan,1,2,Wednesday,False,1,Q1,1,2024,FY24-25,10,4
2025-01-02,20250102,2025,1,January,Jan,2,3,Thursday,False,1,Q1,1,2024,FY24-25,10,4
2025-01-03,20250103,2025,1,January,Jan,3,4,Friday,False,1,Q1,1,2024,FY24-25,10,4
2025-01-04,20250104,2025,1,January,Jan,4,5,Saturday,True,1,Q1,1,2024,FY24-25,10,4
2025-01-05,20250105,2025,1,January,Jan,5,6,Sunday,True,1,Q1,1,2024,FY24-25,10,4
2025-01-06,20250106,2025,1,January,Jan,6,0,Monday,False,1,Q1,2,2024,FY24-25,10,4
2025-01-07,20250107,2025,1,January,Jan,7,1,Tuesday,False,1,Q1,2,2024,FY24-25,10,4
2025-01-08,20250108,2025,1,January,Jan,8,2,Wednesday,False,1,Q1,2,2024,FY24-25,10,4
2025-01-09,20250109,2025,1,January,Jan,9,3,Thursday,False,1,Q1,2,2024,FY24-25,10,4
2025-01-10,20250110,2025,1,January,Jan,10,4,Friday,False,1,Q1,2,2024,FY24-25,10,4
2025-01-11,20250111,2025,1,January,Jan,11,5,Saturday,True,1,Q1,2,2024,FY24-25,10,4
2025-01-12,20250112,2025,1,January,Jan,12,6,Sunday,True,1,Q1,2,2024,FY24-25,10,4
2025-01-13,20250113,2025,1,January,Jan,13,0,Monday,False,1,Q1,3,2024,FY24-25,10,4
2025-01-14,20250114,2025,1,January,Jan,14,1,Tuesday,False,1,Q1,3,2024,FY24-25,10,4
2025-01-15,20250115,2025,1,January,Jan,15,2,Wednesday,False,1,Q1,3,2024,FY24-25,10,4
2025-01-16,20250116,2025,1,January,Jan,16,3,Thursday,False,1,Q1,3,2024,FY24-25,10,4
2025-01-17,20250117,2025,1,January,Jan,17,4,Friday,False,1,Q1,3,2024,FY24-25,10,4
2025-01-18,20250118,2025,1,January,Jan,18,5,Saturday,True,1,Q1,3,2024,FY24-25,10,4
2025-01-19,20250119,2025,1,January,Jan,19,6,Sunday,True,1,Q1,3,2024,FY24-25,10,4
2025-01-20,20250120,2025,1,January,Jan,20,0,Monday,False,1,Q1,4,2024,FY24-25,10,4
2025-01-21,20250121,2025,1,January,Jan,21,1,Tuesday,False,1,Q1,4,2024,FY24-25,10,4
2025-01-22,20250122,2025,1,January,Jan,22,2,Wednesday,False,1,Q1,4,2024,FY24-25,10,4
2025-01-23,20250123,2025,1,January,Jan,23,3,Thursday,False,1,Q1,4,2024,FY24-25,10,4
2025-01-24,20250124,2025,1,January,Jan,24,4,Friday,False,1,Q1,4,2024,FY24-25,10,4
2025-01-25,20250125,2025,1,January,Jan,25,5,Saturday,True,1,Q1,4,2024,FY24-25,10,4
2025-01-26,20250126,2025,1,January,Jan,26,6,Sunday,True,1,Q1,4,2024,FY24-25,10,4
2025-01-27,20250127,2025,1,January,Jan,27,0,Monday,False,1,Q1,5,2024,FY24-25,10,4
2025-01-28,20250128,2025,1,January,Jan,28,1,Tuesday,False,1,Q1,5,2024,FY24-25,10,4
2025-01-29,20250129,2025,1,January,Jan,29,2,Wednesday,False,1,Q1,5,2024,FY24-25,10,4
2025-01-30,20250130,2025,1,January,Jan,30,3,Thursday,False,1,Q1,5,2024,FY24-25,10,4
2025-01-31,20250131,2025,1,January,Jan,31,4,Friday,False,1,Q1,5,2024,FY24-25,10,4
2025-02-01,20250201,2025,2,February,Feb,1,5,Saturday,True,1,Q1,5,2024,FY24-25,11,4
2025-02-02,20250202,2025,2,February,Feb,2,6,Sunday,True,1,Q1,5,2024,FY24-25,11,4
2025-02-03,20250203,2025,2,February,Feb,3,0,Monday,False,1,Q1,6,2024,FY24-25,11,4
2025-02-04,20250204,2025,2,February,Feb,4,1,Tuesday,False,1,Q1,6,2024,FY24-25,11,4
2025-02-05,20250205,2025,2,February,Feb,5,2,Wednesday,False,1,Q1,6,2024,FY24-25,11,4
2025-02-06,20250206,2025,2,February,Feb,6,3,Thursday,False,1,Q1,6,2024,FY24-25,11,4
2025-02-07,20250207,2025,2,February,Feb,7,4,Friday,False,1,Q1,6,2024,FY24-25,11,4
2025-02-08,20250208,2025,2,February,Feb,8,5,Saturday,True,1,Q1,6,2024,FY24-25,11,4
2025-02-09,20250209,2025,2,February,Feb,9,6,Sunday,True,1,Q1,6,2024,FY24-25,11,4
2025-02-10,20250210,2025,2,February,Feb,10,0,Monday,False,1,Q1,7,2024,FY24-25,11,4
2025-02-11,20250211,2025,2,February,Feb,11,1,Tuesday,False,1,Q1,7,2024,FY24-25,11,4
2025-02-12,20250212,2025,2,February,Feb,12,2,Wednesday,False,1,Q1,7,2024,FY24-25,11,4
2025-02-13,20250213,2025,2,February,Feb,13,3,Thursday,False,1,Q1,7,2024,FY24-25,11,4
2025-02-14,20250214,2025,2,February,Feb,14,4,Friday,False,1,Q1,7,2024,FY24-25,11,4
2025-02-15,20250215,2025,2,February,Feb,15,5,Saturday,True,1,Q1,7,2024,FY24-25,11,4
2025-02-16,20250216,2025,2,February,Feb,16,6,Sunday,True,1,Q1,7,2024,FY24-25,11,4
2025-02-17,20250217,2025,2,February,Feb,17,0,Monday,False,1,Q1,8,2024,FY24-25,11,4
2025-02-18,20250218,2025,2,February,Feb,18,1,Tuesday,False,1,Q1,8,2024,FY24-25,11,4
2025-02-19,20250219,2025,2,February,Feb,19,2,Wednesday,False,1,Q1,8,2024,FY24-25,11,4
2025-02-20,20250220,2025,2,February,Feb,20,3,Thursday,False,1,Q1,8,2024,FY24-25,11,4
2025-02-21,20250221,2025,2,February,Feb,21,4,Friday,False,1,Q1,8,2024,FY24-25,11,4
2025-02-22,20250222,2025,2,February,Feb,22,5,Saturday,True,1,Q1,8,2024,FY24-25,11,4
2025-02-23,20250223,2025,2,February,Feb,23,6,Sunday,True,1,Q1,8,2024,FY24-25,11,4
2025-02-24,20250224,2025,2,February,Feb,24,0,Monday,False,1,Q1,9,2024,FY24-25,11,4
2025-02-25,20250225,2025,2,February,Feb,25,1,Tuesday,False,1,Q1,9,2024,FY24-25,11,4
2025-02-26,20250226,2025,2,February,Feb,26,2,Wednesday,False,1,Q1,9,2024,FY24-25,11,4
2025-02-27,20250227,2025,2,February,Feb,27,3,Thursday,False,1,Q1,9,2024,FY24-25,11,4
2025-02-28,20250228,2025,2,February,Feb,28,4,Friday,False,1,Q1,9,2024,FY24-25,11,4
2025-03-01,20250301,2025,3,March,Mar,1,5,Saturday,True,1,Q1,9,2024,FY24-25,12,4
2025-03-02,20250302,2025,3,March,Mar,2,6,Sunday,True,1,Q1,9,2024,FY24-25,12,4
2025-03-03,20250303,2025,3,March,Mar,3,0,Monday,False,1,Q1,10,2024,FY24-25,12,4
2025-03-04,20250304,2025,3,March,Mar,4,1,Tuesday,False,1,Q1,10,2024,FY24-25,12,4
2025-03-05,20250305,2025,3,March,Mar,5,2,Wednesday,False,1,Q1,10,2024,FY24-25,12,4
2025-03-06,20250306,2025,3,March,Mar,6,3,Thursday,False,1,Q1,10,2024,FY24-25,12,4
2025-03-07,20250307,2025,3,March,Mar,7,4,Friday,False,1,Q1,10,2024,FY24-25,12,4
2025-03-08,20250308,2025,3,March,Mar,8,5,Saturday,True,1,Q1,10,2024,FY24-25,12,4
2025-03-09,20250309,2025,3,March,Mar,9,6,Sunday,True,1,Q1,10,2024,FY24-25,12,4
2025-03-10,20250310,2025,3,March,Mar,10,0,Monday,False,1,Q1,11,2024,FY24-25,12,4
2025-03-11,20250311,2025,3,March,Mar,11,1,Tuesday,False,1,Q1,11,2024,FY24-25,12,4
2025-03-12,20250312,2025,3,March,Mar,12,2,Wednesday,False,1,Q1,11,2024,FY24-25,12,4
2025-03-13,20250313,2025,3,March,Mar,13,3,Thursday,False,1,Q1,11,2024,FY24-25,12,4
2025-03-14,20250314,2025,3,March,Mar,14,4,Friday,False,1,Q1,11,2024,FY24-25,12,4
2025-03-15,20250315,2025,3,March,Mar,15,5,Saturday,True,1,Q1,11,2024,FY24-25,12,4
2025-03-16,20250316,2025,3,March,Mar,16,6,Sunday,True,1,Q1,11,2024,FY24-25,12,4
2025-03-17,20250317,2025,3,March,Mar,17,0,Monday,False,1,Q1,12,2024,FY24-25,12,4
2025-03-18,20250318,2025,3,March,Mar,18,1,Tuesday,False,1,Q1,12,2024,FY24-25,12,4
2025-03-19,20250319,2025,3,March,Mar,19,2,Wednesday,False,1,Q1,12,2024,FY24-25,12,4
2025-03-20,20250320,2025,3,March,Mar,20,3,Thursday,False,1,Q1,12,2024,FY24-25,12,4
2025-03-21,20250321,2025,3,March,Mar,21,4,Friday,False,1,Q1,12,2024,FY24-25,12,4
2025-03-22,20250322,2025,3,March,Mar,22,5,Saturday,True,1,Q1,12,2024,FY24-25,12,4
2025-03-23,20250323,2025,3,March,Mar,23,6,Sunday,True,1,Q1,12,2024,FY24-25,12,4
2025-03-24,20250324,2025,3,March,Mar,24,0,Monday,False,1,Q1,13,2024,FY24-25,12,4
2025-03-25,20250325,2025,3,March,Mar,25,1,Tuesday,False,1,Q1,13,2024,FY24-25,12,4
2025-03-26,20250326,2025,3,March,Mar,26,2,Wednesday,False,1,Q1,13,2024,FY24-25,12,4
2025-03-27,20250327,2025,3,March,Mar,27,3,Thursday,False,1,Q1,13,2024,FY24-25,12,4
2025-03-28,20250328,2025,3,March,Mar,28,4,Friday,False,1,Q1,13,2024,FY24-25,12,4
2025-03-29,20250329,2025,3,March,Mar,29,5,Saturday,True,1,Q1,13,2024,FY24-25,12,4
2025-03-30,20250330,2025,3,March,Mar,30,6,Sunday,True,1,Q1,13,2024,FY24-25,12,4
2025-03-31,20250331,2025,3,March,Mar,31,0,Monday,False,1,Q1,14,2024,FY24-25,12,4
2025-04-01,20250401,2025,4,April,Apr,1,1,Tuesday,False,2,Q2,14,2025,FY25-26,1,1
2025-04-02,20250402,2025,4,April,Apr,2,2,Wednesday,False,2,Q2,14,2025,FY25-26,1,1
2025-04-03,20250403,2025,4,April,Apr,3,3,Thursday,False,2,Q2,14,2025,FY25-26,1,1
2025-04-04,20250404,2025,4,April,Apr,4,4,Friday,False,2,Q2,14,2025,FY25-26,1,1
2025-04-05,20250405,2025,4,April,Apr,5,5,Saturday,True,2,Q2,14,2025,FY25-26,1,1
2025-04-06,20250406,2025,4,April,Apr,6,6,Sunday,True,2,Q2,14,2025,FY25-26,1,1
2025-04-07,20250407,2025,4,April,Apr,7,0,Monday,False,2,Q2,15,2025,FY25-26,1,1
2025-04-08,20250408,2025,4,April,Apr,8,1,Tuesday,False,2,Q2,15,2025,FY25-26,1,1
2025-04-09,20250409,2025,4,April,Apr,9,2,Wednesday,False,2,Q2,15,2025,FY25-26,1,1
2025-04-10,20250410,2025,4,April,Apr,10,3,Thursday,False,2,Q2,15,2025,FY25-26,1,1
2025-04-11,20250411,2025,4,April,Apr,11,4,Friday,False,2,Q2,15,2025,FY25-26,1,1
2025-04-12,20250412,2025,4,April,Apr,12,5,Saturday,True,2,Q2,15,2025,FY25-26,1,1
2025-04-13,20250413,2025,4,April,Apr,13,6,Sunday,True,2,Q2,15,2025,FY25-26,1,1
2025-04-14,20250414,2025,4,April,Apr,14,0,Monday,False,2,Q2,16,2025,FY25-26,1,1
2025-04-15,20250415,2025,4,April,Apr,15,1,Tuesday,False,2,Q2,16,2025,FY25-26,1,1
2025-04-16,20250416,2025,4,April,Apr,16,2,Wednesday,False,2,Q2,16,2025,FY25-26,1,1
2025-04-17,20250417,2025,4,April,Apr,17,3,Thursday,False,2,Q2,16,2025,FY25-26,1,1
2025-04-18,20250418,2025,4,April,Apr,18,4,Friday,False,2,Q2,16,2025,FY25-26,1,1
2025-04-19,20250419,2025,4,April,Apr,19,5,Saturday,True,2,Q2,16,2025,FY25-26,1,1
2025-04-20,20250420,2025,4,April,Apr,20,6,Sunday,True,2,Q2,16,2025,FY25-26,1,1
2025-04-21,20250421,2025,4,April,Apr,21,0,Monday,False,2,Q2,17,2025,FY25-26,1,1
2025-04-22,20250422,2025,4,April,Apr,22,1,Tuesday,False,2,Q2,17,2025,FY25-26,1,1
2025-04-23,20250423,2025,4,April,Apr,23,2,Wednesday,False,2,Q2,17,2025,FY25-26,1,1
2025-04-24,20250424,2025,4,April,Apr,24,3,Thursday,False,2,Q2,17,2025,FY25-26,1,1
2025-04-25,20250425,2025,4,April,Apr,25,4,Friday,False,2,Q2,17,2025,FY25-26,1,1
2025-04-26,20250426,2025,4,April,Apr,26,5,Saturday,True,2,Q2,17,2025,FY25-26,1,1
2025-04-27,20250427,2025,4,April,Apr,27,6,Sunday,True,2,Q2,17,2025,FY25-26,1,1
2025-04-28,20250428,2025,4,April,Apr,28,0,Monday,False,2,Q2,18,2025,FY25-26,1,1
2025-04-29,20250429,2025,4,April,Apr,29,1,Tuesday,False,2,Q2,18,2025,FY25-26,1,1
2025-04-30,20250430,2025,4,April,Apr,30,2,Wednesday,False,2,Q2,18,2025,FY25-26,1,1
2025-05-01,20250501,2025,5,May,May,1,3,Thursday,False,2,Q2,18,2025,FY25-26,2,1
2025-05-02,20250502,2025,5,May,May,2,4,Friday,False,2,Q2,18,2025,FY25-26,2,1
2025-05-03,20250503,2025,5,May,May,3,5,Saturday,True,2,Q2,18,2025,FY25-26,2,1
2025-05-04,20250504,2025,5,May,May,4,6,Sunday,True,2,Q2,18,2025,FY25-26,2,1
2025-05-05,20250505,2025,5,May,May,5,0,Monday,False,2,Q2,19,2025,FY25-26,2,1
2025-05-06,20250506,2025,5,May,May,6,1,Tuesday,False,2,Q2,19,2025,FY25-26,2,1
2025-05-07,20250507,2025,5,May,May,7,2,Wednesday,False,2,Q2,19,2025,FY25-26,2,1
2025-05-08,20250508,2025,5,May,May,8,3,Thursday,False,2,Q2,19,2025,FY25-26,2,1
2025-05-09,20250509,2025,5,May,May,9,4,Friday,False,2,Q2,19,2025,FY25-26,2,1
2025-05-10,20250510,2025,5,May,May,10,5,Saturday,True,2,Q2,19,2025,FY25-26,2,1
2025-05-11,20250511,2025,5,May,May,11,6,Sunday,True,2,Q2,19,2025,FY25-26,2,1
2025-05-12,20250512,2025,5,May,May,12,0,Monday,False,2,Q2,20,2025,FY25-26,2,1
2025-05-13,20250513,2025,5,May,May,13,1,Tuesday,False,2,Q2,20,2025,FY25-26,2,1
2025-05-14,20250514,2025,5,May,May,14,2,Wednesday,False,2,Q2,20,2025,FY25-26,2,1
2025-05-15,20250515,2025,5,May,May,15,3,Thursday,False,2,Q2,20,2025,FY25-26,2,1
2025-05-16,20250516,2025,5,May,May,16,4,Friday,False,2,Q2,20,2025,FY25-26,2,1
2025-05-17,20250517,2025,5,May,May,17,5,Saturday,True,2,Q2,20,2025,FY25-26,2,1
2025-05-18,20250518,2025,5,May,May,18,6,Sunday,True,2,Q2,20,2025,FY25-26,2,1
2025-05-19,20250519,2025,5,May,May,19,0,Monday,False,2,Q2,21,2025,FY25-26,2,1
2025-05-20,20250520,2025,5,May,May,20,1,Tuesday,False,2,Q2,21,2025,FY25-26,2,1
2025-05-21,20250521,2025,5,May,May,21,2,Wednesday,False,2,Q2,21,2025,FY25-26,2,1
2025-05-22,20250522,2025,5,May,May,22,3,Thursday,False,2,Q2,21,2025,FY25-26,2,1
2025-05-23,20250523,2025,5,May,May,23,4,Friday,False,2,Q2,21,2025,FY25-26,2,1
2025-05-24,20250524,2025,5,May,May,24,5,Saturday,True,2,Q2,21,2025,FY25-26,2,1
2025-05-25,20250525,2025,5,May,May,25,6,Sunday,True,2,Q2,21,2025,FY25-26,2,1
2025-05-26,20250526,2025,5,May,May,26,0,Monday,False,2,Q2,22,2025,FY25-26,2,1
2025-05-27,20250527,2025,5,May,May,27,1,Tuesday,False,2,Q2,22,2025,FY25-26,2,1
2025-05-28,20250528,2025,5,May,May,28,2,Wednesday,False,2,Q2,22,2025,FY25-26,2,1
2025-05-29,20250529,2025,5,May,May,29,3,Thursday,False,2,Q2,22,2025,FY25-26,2,1
2025-05-30,20250530,2025,5,May,May,30,4,Friday,False,2,Q2,22,2025,FY25-26,2,1
2025-05-31,20250531,2025,5,May,May,31,5,Saturday,True,2,Q2,22,2025,FY25-26,2,1
2025-06-01,20250601,2025,6,June,Jun,1,6,Sunday,True,2,Q2,22,2025,FY25-26,3,1
2025-06-02,20250602,2025,6,June,Jun,2,0,Monday,False,2,Q2,23,2025,FY25-26,3,1
2025-06-03,20250603,2025,6,June,Jun,3,1,Tuesday,False,2,Q2,23,2025,FY25-26,3,1
2025-06-04,20250604,2025,6,June,Jun,4,2,Wednesday,False,2,Q2,23,2025,FY25-26,3,1
2025-06-05,20250605,2025,6,June,Jun,5,3,Thursday,False,2,Q2,23,2025,FY25-26,3,1
2025-06-06,20250606,2025,6,June,Jun,6,4,Friday,False,2,Q2,23,2025,FY25-26,3,1
2025-06-07,20250607,2025,6,June,Jun,7,5,Saturday,True,2,Q2,23,2025,FY25-26,3,1
2025-06-08,20250608,2025,6,June,Jun,8,6,Sunday,True,2,Q2,23,2025,FY25-26,3,1
2025-06-09,20250609,2025,6,June,Jun,9,0,Monday,False,2,Q2,24,2025,FY25-26,3,1
2025-06-10,20250610,2025,6,June,Jun,10,1,Tuesday,False,2,Q2,24,2025,FY25-26,3,1
2025-06-11,20250611,2025,6,June,Jun,11,2,Wednesday,False,2,Q2,24,2025,FY25-26,3,1
2025-06-12,20250612,2025,6,June,Jun,12,3,Thursday,False,2,Q2,24,2025,FY25-26,3,1
2025-06-13,20250613,2025,6,June,Jun,13,4,Friday,False,2,Q2,24,2025,FY25-26,3,1
2025-06-14,20250614,2025,6,June,Jun,14,5,Saturday,True,2,Q2,24,2025,FY25-26,3,1
2025-06-15,20250615,2025,6,June,Jun,15,6,Sunday,True,2,Q2,24,2025,FY25-26,3,1
2025-06-16,20250616,2025,6,June,Jun,16,0,Monday,False,2,Q2,25,2025,FY25-26,3,1
2025-06-17,20250617,2025,6,June,Jun,17,1,Tuesday,False,2,Q2,25,2025,FY25-26,3,1
2025-06-18,20250618,2025,6,June,Jun,18,2,Wednesday,False,2,Q2,25,2025,FY25-26,3,1
2025-06-19,20250619,2025,6,June,Jun,19,3,Thursday,False,2,Q2,25,2025,FY25-26,3,1
2025-06-20,20250620,2025,6,June,Jun,20,4,Friday,False,2,Q2,25,2025,FY25-26,3,1
2025-06-21,20250621,2025,6,June,Jun,21,5,Saturday,True,2,Q2,25,2025,FY25-26,3,1
2025-06-22,20250622,2025,6,June,Jun,22,6,Sunday,True,2,Q2,25,2025,FY25-26,3,1
2025-06-23,20250623,2025,6,June,Jun,23,0,Monday,False,2,Q2,26,2025,FY25-26,3,1
2025-06-24,20250624,2025,6,June,Jun,24,1,Tuesday,False,2,Q2,26,2025,FY25-26,3,1
2025-06-25,20250625,2025,6,June,Jun,25,2,Wednesday,False,2,Q2,26,2025,FY25-26,3,1
2025-06-26,20250626,2025,6,June,Jun,26,3,Thursday,False,2,Q2,26,2025,FY25-26,3,1
2025-06-27,20250627,2025,6,June,Jun,27,4,Friday,False,2,Q2,26,2025,FY25-26,3,1
2025-06-28,20250628,2025,6,June,Jun,28,5,Saturday,True,2,Q2,26,2025,FY25-26,3,1
2025-06-29,20250629,2025,6,June,Jun,29,6,Sunday,True,2,Q2,26,2025,FY25-26,3,1
2025-06-30,20250630,2025,6,June,Jun,30,0,Monday,False,2,Q2,27,2025,FY25-26,3,1
2025-07-01,20250701,2025,7,July,Jul,1,1,Tuesday,False,3,Q3,27,2025,FY25-26,4,2
2025-07-02,20250702,2025,7,July,Jul,2,2,Wednesday,False,3,Q3,27,2025,FY25-26,4,2
2025-07-03,20250703,2025,7,July,Jul,3,3,Thursday,False,3,Q3,27,2025,FY25-26,4,2
2025-07-04,20250704,2025,7,July,Jul,4,4,Friday,False,3,Q3,27,2025,FY25-26,4,2
2025-07-05,20250705,2025,7,July,Jul,5,5,Saturday,True,3,Q3,27,2025,FY25-26,4,2
2025-07-06,20250706,2025,7,July,Jul,6,6,Sunday,True,3,Q3,27,2025,FY25-26,4,2
2025-07-07,20250707,2025,7,July,Jul,7,0,Monday,False,3,Q3,28,2025,FY25-26,4,2
2025-07-08,20250708,2025,7,July,Jul,8,1,Tuesday,False,3,Q3,28,2025,FY25-26,4,2
2025-07-09,20250709,2025,7,July,Jul,9,2,Wednesday,False,3,Q3,28,2025,FY25-26,4,2
2025-07-10,20250710,2025,7,July,Jul,10,3,Thursday,False,3,Q3,28,2025,FY25-26,4,2
2025-07-11,20250711,2025,7,July,Jul,11,4,Friday,False,3,Q3,28,2025,FY25-26,4,2
2025-07-12,20250712,2025,7,July,Jul,12,5,Saturday,True,3,Q3,28,2025,FY25-26,4,2
2025-07-13,20250713,2025,7,July,Jul,13,6,Sunday,True,3,Q3,28,2025,FY25-26,4,2
2025-07-14,20250714,2025,7,July,Jul,14,0,Monday,False,3,Q3,29,2025,FY25-26,4,2
2025-07-15,20250715,2025,7,July,Jul,15,1,Tuesday,False,3,Q3,29,2025,FY25-26,4,2
2025-07-16,20250716,2025,7,July,Jul,16,2,Wednesday,False,3,Q3,29,2025,FY25-26,4,2
2025-07-17,20250717,2025,7,July,Jul,17,3,Thursday,False,3,Q3,29,2025,FY25-26,4,2
2025-07-18,20250718,2025,7,July,Jul,18,4,Friday,False,3,Q3,29,2025,FY25-26,4,2
2025-07-19,20250719,2025,7,July,Jul,19,5,Saturday,True,3,Q3,29,2025,FY25-26,4,2
2025-07-20,20250720,2025,7,July,Jul,20,6,Sunday,True,3,Q3,29,2025,FY25-26,4,2
2025-07-21,20250721,2025,7,July,Jul,21,0,Monday,False,3,Q3,30,2025,FY25-26,4,2
2025-07-22,20250722,2025,7,July,Jul,22,1,Tuesday,False,3,Q3,30,2025,FY25-26,4,2
2025-07-23,20250723,2025,7,July,Jul,23,2,Wednesday,False,3,Q3,30,2025,FY25-26,4,2
2025-07-24,20250724,2025,7,July,Jul,24,3,Thursday,False,3,Q3,30,2025,FY25-26,4,2
2025-07-25,20250725,2025,7,July,Jul,25,4,Friday,False,3,Q3,30,2025,FY25-26,4,2
2025-07-26,20250726,2025,7,July,Jul,26,5,Saturday,True,3,Q3,30,2025,FY25-26,4,2
2025-07-27,20250727,2025,7,July,Jul,27,6,Sunday,True,3,Q3,30,2025,FY25-26,4,2
2025-07-28,20250728,2025,7,July,Jul,28,0,Monday,False,3,Q3,31,2025,FY25-26,4,2
2025-07-29,20250729,2025,7,July,Jul,29,1,Tuesday,False,3,Q3,31,2025,FY25-26,4,2
2025-07-30,20250730,2025,7,July,Jul,30,2,Wednesday,False,3,Q3,31,2025,FY25-26,4,2
2025-07-31,20250731,2025,7,July,Jul,31,3,Thursday,False,3,Q3,31,2025,FY25-26,4,2
2025-08-01,20250801,2025,8,August,Aug,1,4,Friday,False,3,Q3,31,2025,FY25-26,5,2
2025-08-02,20250802,2025,8,August,Aug,2,5,Saturday,True,3,Q3,31,2025,FY25-26,5,2
2025-08-03,20250803,2025,8,August,Aug,3,6,Sunday,True,3,Q3,31,2025,FY25-26,5,2
2025-08-04,20250804,2025,8,August,Aug,4,0,Monday,False,3,Q3,32,2025,FY25-26,5,2
2025-08-05,20250805,2025,8,August,Aug,5,1,Tuesday,False,3,Q3,32,2025,FY25-26,5,2
2025-08-06,20250806,2025,8,August,Aug,6,2,Wednesday,False,3,Q3,32,2025,FY25-26,5,2
2025-08-07,20250807,2025,8,August,Aug,7,3,Thursday,False,3,Q3,32,2025,FY25-26,5,2
2025-08-08,20250808,2025,8,August,Aug,8,4,Friday,False,3,Q3,32,2025,FY25-26,5,2
2025-08-09,20250809,2025,8,August,Aug,9,5,Saturday,True,3,Q3,32,2025,FY25-26,5,2
2025-08-10,20250810,2025,8,August,Aug,10,6,Sunday,True,3,Q3,32,2025,FY25-26,5,2
2025-08-11,20250811,2025,8,August,Aug,11,0,Monday,False,3,Q3,33,2025,FY25-26,5,2
2025-08-12,20250812,2025,8,August,Aug,12,1,Tuesday,False,3,Q3,33,2025,FY25-26,5,2
2025-08-13,20250813,2025,8,August,Aug,13,2,Wednesday,False,3,Q3,33,2025,FY25-26,5,2
2025-08-14,20250814,2025,8,August,Aug,14,3,Thursday,False,3,Q3,33,2025,FY25-26,5,2
2025-08-15,20250815,2025,8,August,Aug,15,4,Friday,False,3,Q3,33,2025,FY25-26,5,2
2025-08-16,20250816,2025,8,August,Aug,16,5,Saturday,True,3,Q3,33,2025,FY25-26,5,2
2025-08-17,20250817,2025,8,August,Aug,17,6,Sunday,True,3,Q3,33,2025,FY25-26,5,2
2025-08-18,20250818,2025,8,August,Aug,18,0,Monday,False,3,Q3,34,2025,FY25-26,5,2
2025-08-19,20250819,2025,8,August,Aug,19,1,Tuesday,False,3,Q3,34,2025,FY25-26,5,2
2025-08-20,20250820,2025,8,August,Aug,20,2,Wednesday,False,3,Q3,34,2025,FY25-26,5,2
2025-08-21,20250821,2025,8,August,Aug,21,3,Thursday,False,3,Q3,34,2025,FY25-26,5,2
2025-08-22,20250822,2025,8,August,Aug,22,4,Friday,False,3,Q3,34,2025,FY25-26,5,2
2025-08-23,20250823,2025,8,August,Aug,23,5,Saturday,True,3,Q3,34,2025,FY25-26,5,2
2025-08-24,20250824,2025,8,August,Aug,24,6,Sunday,True,3,Q3,34,2025,FY25-26,5,2
2025-08-25,20250825,2025,8,August,Aug,25,0,Monday,False,3,Q3,35,2025,FY25-26,5,2
2025-08-26,20250826,2025,8,August,Aug,26,1,Tuesday,False,3,Q3,35,2025,FY25-26,5,2
2025-08-27,20250827,2025,8,August,Aug,27,2,Wednesday,False,3,Q3,35,2025,FY25-26,5,2
2025-08-28,20250828,2025,8,August,Aug,28,3,Thursday,False,3,Q3,35,2025,FY25-26,5,2
2025-08-29,20250829,2025,8,August,Aug,29,4,Friday,False,3,Q3,35,2025,FY25-26,5,2
2025-08-30,20250830,2025,8,August,Aug,30,5,Saturday,True,3,Q3,35,2025,FY25-26,5,2
2025-08-31,20250831,2025,8,August,Aug,31,6,Sunday,True,3,Q3,35,2025,FY25-26,5,2
2025-09-01,20250901,2025,9,September,Sep,1,0,Monday,False,3,Q3,36,2025,FY25-26,6,2
2025-09-02,20250902,2025,9,September,Sep,2,1,Tuesday,False,3,Q3,36,2025,FY25-26,6,2
2025-09-03,20250903,2025,9,September,Sep,3,2,Wednesday,False,3,Q3,36,2025,FY25-26,6,2
2025-09-04,20250904,2025,9,September,Sep,4,3,Thursday,False,3,Q3,36,2025,FY25-26,6,2
2025-09-05,20250905,2025,9,September,Sep,5,4,Friday,False,3,Q3,36,2025,FY25-26,6,2
2025-09-06,20250906,2025,9,September,Sep,6,5,Saturday,True,3,Q3,36,2025,FY25-26,6,2
2025-09-07,20250907,2025,9,September,Sep,7,6,Sunday,True,3,Q3,36,2025,FY25-26,6,2
2025-09-08,20250908,2025,9,September,Sep,8,0,Monday,False,3,Q3,37,2025,FY25-26,6,2
2025-09-09,20250909,2025,9,September,Sep,9,1,Tuesday,False,3,Q3,37,2025,FY25-26,6,2
2025-09-10,20250910,2025,9,September,Sep,10,2,Wednesday,False,3,Q3,37,2025,FY25-26,6,2
2025-09-11,20250911,2025,9,September,Sep,11,3,Thursday,False,3,Q3,37,2025,FY25-26,6,2
2025-09-12,20250912,2025,9,September,Sep,12,4,Friday,False,3,Q3,37,2025,FY25-26,6,2
2025-09-13,20250913,2025,9,September,Sep,13,5,Saturday,True,3,Q3,37,2025,FY25-26,6,2
2025-09-14,20250914,2025,9,September,Sep,14,6,Sunday,True,3,Q3,37,2025,FY25-26,6,2
2025-09-15,20250915,2025,9,September,Sep,15,0,Monday,False,3,Q3,38,2025,FY25-26,6,2
2025-09-16,20250916,2025,9,September,Sep,16,1,Tuesday,False,3,Q3,38,2025,FY25-26,6,2
2025-09-17,20250917,2025,9,September,Sep,17,2,Wednesday,False,3,Q3,38,2025,FY25-26,6,2
2025-09-18,20250918,2025,9,September,Sep,18,3,Thursday,False,3,Q3,38,2025,FY25-26,6,2
2025-09-19,20250919,2025,9,September,Sep,19,4,Friday,False,3,Q3,38,2025,FY25-26,6,2
2025-09-20,20250920,2025,9,September,Sep,20,5,Saturday,True,3,Q3,38,2025,FY25-26,6,2
2025-09-21,20250921,2025,9,September,Sep,21,6,Sunday,True,3,Q3,38,2025,FY25-26,6,2
2025-09-22,20250922,2025,9,September,Sep,22,0,Monday,False,3,Q3,39,2025,FY25-26,6,2
2025-09-23,20250923,2025,9,September,Sep,23,1,Tuesday,False,3,Q3,39,2025,FY25-26,6,2
2025-09-24,20250924,2025,9,September,Sep,24,2,Wednesday,False,3,Q3,39,2025,FY25-26,6,2
2025-09-25,20250925,2025,9,September,Sep,25,3,Thursday,False,3,Q3,39,2025,FY25-26,6,2
2025-09-26,20250926,2025,9,September,Sep,26,4,Friday,False,3,Q3,39,2025,FY25-26,6,2
2025-09-27,20250927,2025,9,September,Sep,27,5,Saturday,True,3,Q3,39,2025,FY25-26,6,2
2025-09-28,20250928,2025,9,September,Sep,28,6,Sunday,True,3,Q3,39,2025,FY25-26,6,2
2025-09-29,20250929,2025,9,September,Sep,29,0,Monday,False,3,Q3,40,2025,FY25-26,6,2
2025-09-30,20250930,2025,9,September,Sep,30,1,Tuesday,False,3,Q3,40,2025,FY25-26,6,2
2025-10-01,20251001,2025,10,October,Oct,1,2,Wednesday,False,4,Q4,40,2025,FY25-26,7,3
2025-10-02,20251002,2025,10,October,Oct,2,3,Thursday,False,4,Q4,40,2025,FY25-26,7,3
2025-10-03,20251003,2025,10,October,Oct,3,4,Friday,False,4,Q4,40,2025,FY25-26,7,3
2025-10-04,20251004,2025,10,October,Oct,4,5,Saturday,True,4,Q4,40,2025,FY25-26,7,3
2025-10-05,20251005,2025,10,October,Oct,5,6,Sunday,True,4,Q4,40,2025,FY25-26,7,3
2025-10-06,20251006,2025,10,October,Oct,6,0,Monday,False,4,Q4,41,2025,FY25-26,7,3
2025-10-07,20251007,2025,10,October,Oct,7,1,Tuesday,False,4,Q4,41,2025,FY25-26,7,3
2025-10-08,20251008,2025,10,October,Oct,8,2,Wednesday,False,4,Q4,41,2025,FY25-26,7,3
2025-10-09,20251009,2025,10,October,Oct,9,3,Thursday,False,4,Q4,41,2025,FY25-26,7,3
2025-10-10,20251010,2025,10,October,Oct,10,4,Friday,False,4,Q4,41,2025,FY25-26,7,3
2025-10-11,20251011,2025,10,October,Oct,11,5,Saturday,True,4,Q4,41,2025,FY25-26,7,3
2025-10-12,20251012,2025,10,October,Oct,12,6,Sunday,True,4,Q4,41,2025,FY25-26,7,3
2025-10-13,20251013,2025,10,October,Oct,13,0,Monday,False,4,Q4,42,2025,FY25-26,7,3
2025-10-14,20251014,2025,10,October,Oct,14,1,Tuesday,False,4,Q4,42,2025,FY25-26,7,3
2025-10-15,20251015,2025,10,October,Oct,15,2,Wednesday,False,4,Q4,42,2025,FY25-26,7,3
2025-10-16,20251016,2025,10,October,Oct,16,3,Thursday,False,4,Q4,42,2025,FY25-26,7,3
2025-10-17,20251017,2025,10,October,Oct,17,4,Friday,False,4,Q4,42,2025,FY25-26,7,3
2025-10-18,20251018,2025,10,October,Oct,18,5,Saturday,True,4,Q4,42,2025,FY25-26,7,3
2025-10-19,20251019,2025,10,October,Oct,19,6,Sunday,True,4,Q4,42,2025,FY25-26,7,3
2025-10-20,20251020,2025,10,October,Oct,20,0,Monday,False,4,Q4,43,2025,FY25-26,7,3
2025-10-21,20251021,2025,10,October,Oct,21,1,Tuesday,False,4,Q4,43,2025,FY25-26,7,3
2025-10-22,20251022,2025,10,October,Oct,22,2,Wednesday,False,4,Q4,43,2025,FY25-26,7,3
2025-10-23,20251023,2025,10,October,Oct,23,3,Thursday,False,4,Q4,43,2025,FY25-26,7,3
2025-10-24,20251024,2025,10,October,Oct,24,4,Friday,False,4,Q4,43,2025,FY25-26,7,3
2025-10-25,20251025,2025,10,October,Oct,25,5,Saturday,True,4,Q4,43,2025,FY25-26,7,3
2025-10-26,20251026,2025,10,October,Oct,26,6,Sunday,True,4,Q4,43,2025,FY25-26,7,3
2025-10-27,20251027,2025,10,October,Oct,27,0,Monday,False,4,Q4,44,2025,FY25-26,7,3
2025-10-28,20251028,2025,10,October,Oct,28,1,Tuesday,False,4,Q4,44,2025,FY25-26,7,3
2025-10-29,20251029,2025,10,October,Oct,29,2,Wednesday,False,4,Q4,44,2025,FY25-26,7,3
2025-10-30,20251030,2025,10,October,Oct,30,3,Thursday,False,4,Q4,44,2025,FY25-26,7,3
2025-10-31,20251031,2025,10,October,Oct,31,4,Friday,False,4,Q4,44,2025,FY25-26,7,3
2025-11-01,20251101,2025,11,November,Nov,1,5,Saturday,True,4,Q4,44,2025,FY25-26,8,3
2025-11-02,20251102,2025,11,November,Nov,2,6,Sunday,True,4,Q4,44,2025,FY25-26,8,3
2025-11-03,20251103,2025,11,November,Nov,3,0,Monday,False,4,Q4,45,2025,FY25-26,8,3
2025-11-04,20251104,2025,11,November,Nov,4,1,Tuesday,False,4,Q4,45,2025,FY25-26,8,3
2025-11-05,20251105,2025,11,November,Nov,5,2,Wednesday,False,4,Q4,45,2025,FY25-26,8,3
2025-11-06,20251106,2025,11,November,Nov,6,3,Thursday,False,4,Q4,45,2025,FY25-26,8,3
2025-11-07,20251107,2025,11,November,Nov,7,4,Friday,False,4,Q4,45,2025,FY25-26,8,3
2025-11-08,20251108,2025,11,November,Nov,8,5,Saturday,True,4,Q4,45,2025,FY25-26,8,3
2025-11-09,20251109,2025,11,November,Nov,9,6,Sunday,True,4,Q4,45,2025,FY25-26,8,3
2025-11-10,20251110,2025,11,November,Nov,10,0,Monday,False,4,Q4,46,2025,FY25-26,8,3
2025-11-11,20251111,2025,11,November,Nov,11,1,Tuesday,False,4,Q4,46,2025,FY25-26,8,3
2025-11-12,20251112,2025,11,November,Nov,12,2,Wednesday,False,4,Q4,46,2025,FY25-26,8,3
2025-11-13,20251113,2025,11,November,Nov,13,3,Thursday,False,4,Q4,46,2025,FY25-26,8,3
2025-11-14,20251114,2025,11,November,Nov,14,4,Friday,False,4,Q4,46,2025,FY25-26,8,3
2025-11-15,20251115,2025,11,November,Nov,15,5,Saturday,True,4,Q4,46,2025,FY25-26,8,3
2025-11-16,20251116,2025,11,November,Nov,16,6,Sunday,True,4,Q4,46,2025,FY25-26,8,3
2025-11-17,20251117,2025,11,November,Nov,17,0,Monday,False,4,Q4,47,2025,FY25-26,8,3
2025-11-18,20251118,2025,11,November,Nov,18,1,Tuesday,False,4,Q4,47,2025,FY25-26,8,3
2025-11-19,20251119,2025,11,November,Nov,19,2,Wednesday,False,4,Q4,47,2025,FY25-26,8,3
2025-11-20,20251120,2025,11,November,Nov,20,3,Thursday,False,4,Q4,47,2025,FY25-26,8,3
2025-11-21,20251121,2025,11,November,Nov,21,4,Friday,False,4,Q4,47,2025,FY25-26,8,3
2025-11-22,20251122,2025,11,November,Nov,22,5,Saturday,True,4,Q4,47,2025,FY25-26,8,3
2025-11-23,20251123,2025,11,November,Nov,23,6,Sunday,True,4,Q4,47,2025,FY25-26,8,3
2025-11-24,20251124,2025,11,November,Nov,24,0,Monday,False,4,Q4,48,2025,FY25-26,8,3
2025-11-25,20251125,2025,11,November,Nov,25,1,Tuesday,False,4,Q4,48,2025,FY25-26,8,3
2025-11-26,20251126,2025,11,November,Nov,26,2,Wednesday,False,4,Q4,48,2025,FY25-26,8,3
2025-11-27,20251127,2025,11,November,Nov,27,3,Thursday,False,4,Q4,48,2025,FY25-26,8,3
2025-11-28,20251128,2025,11,November,Nov,28,4,Friday,False,4,Q4,48,2025,FY25-26,8,3
2025-11-29,20251129,2025,11,November,Nov,29,5,Saturday,True,4,Q4,48,2025,FY25-26,8,3
2025-11-30,20251130,2025,11,November,Nov,30,6,Sunday,True,4,Q4,48,2025,FY25-26,8,3
2025-12-01,20251201,2025,12,December,Dec,1,0,Monday,False,4,Q4,49,2025,FY25-26,9,3
2025-12-02,20251202,2025,12,December,Dec,2,1,Tuesday,False,4,Q4,49,2025,FY25-26,9,3
2025-12-03,20251203,2025,12,December,Dec,3,2,Wednesday,False,4,Q4,49,2025,FY25-26,9,3
2025-12-04,20251204,2025,12,December,Dec,4,3,Thursday,False,4,Q4,49,2025,FY25-26,9,3
2025-12-05,20251205,2025,12,December,Dec,5,4,Friday,False,4,Q4,49,2025,FY25-26,9,3
2025-12-06,20251206,2025,12,December,Dec,6,5,Saturday,True,4,Q4,49,2025,FY25-26,9,3
2025-12-07,20251207,2025,12,December,Dec,7,6,Sunday,True,4,Q4,49,2025,FY25-26,9,3
2025-12-08,20251208,2025,12,December,Dec,8,0,Monday,False,4,Q4,50,2025,FY25-26,9,3
2025-12-09,20251209,2025,12,December,Dec,9,1,Tuesday,False,4,Q4,50,2025,FY25-26,9,3
2025-12-10,20251210,2025,12,December,Dec,10,2,Wednesday,False,4,Q4,50,2025,FY25-26,9,3
2025-12-11,20251211,2025,12,December,Dec,11,3,Thursday,False,4,Q4,50,2025,FY25-26,9,3
2025-12-12,20251212,2025,12,December,Dec,12,4,Friday,False,4,Q4,50,2025,FY25-26,9,3
2025-12-13,20251213,2025,12,December,Dec,13,5,Saturday,True,4,Q4,50,2025,FY25-26,9,3
2025-12-14,20251214,2025,12,December,Dec,14,6,Sunday,True,4,Q4,50,2025,FY25-26,9,3
2025-12-15,20251215,2025,12,December,Dec,15,0,Monday,False,4,Q4,51,2025,FY25-26,9,3
2025-12-16,20251216,2025,12,December,Dec,16,1,Tuesday,False,4,Q4,51,2025,FY25-26,9,3
2025-12-17,20251217,2025,12,December,Dec,17,2,Wednesday,False,4,Q4,51,2025,FY25-26,9,3
2025-12-18,20251218,2025,12,December,Dec,18,3,Thursday,False,4,Q4,51,2025,FY25-26,9,3
2025-12-19,20251219,2025,12,December,Dec,19,4,Friday,False,4,Q4,51,2025,FY25-26,9,3
2025-12-20,20251220,2025,12,December,Dec,20,5,Saturday,True,4,Q4,51,2025,FY25-26,9,3
2025-12-21,20251221,2025,12,December,Dec,21,6,Sunday,True,4,Q4,51,2025,FY25-26,9,3
2025-12-22,20251222,2025,12,December,Dec,22,0,Monday,False,4,Q4,52,2025,FY25-26,9,3
2025-12-23,20251223,2025,12,December,Dec,23,1,Tuesday,False,4,Q4,52,2025,FY25-26,9,3
2025-12-24,20251224,2025,12,December,Dec,24,2,Wednesday,False,4,Q4,52,2025,FY25-26,9,3
2025-12-25,20251225,2025,12,December,Dec,25,3,Thursday,False,4,Q4,52,2025,FY25-26,9,3
2025-12-26,20251226,2025,12,December,Dec,26,4,Friday,False,4,Q4,52,2025,FY25-26,9,3
2025-12-27,20251227,2025,12,December,Dec,27,5,Saturday,True,4,Q4,52,2025,FY25-26,9,3
2025-12-28,20251228,2025,12,December,Dec,28,6,Sunday,True,4,Q4,52,2025,FY25-26,9,3
2025-12-29,20251229,2025,12,December,Dec,29,0,Monday,False,4,Q4,1,2025,FY25-26,9,3
2025-12-30,20251230,2025,12,December,Dec,30,1,Tuesday,False,4,Q4,1,2025,FY25-26,9,3
2025-12-31,20251231,2025,12,December,Dec,31,2,Wednesday,False,4,Q4,1,2025,FY25-26,9,3
2026-01-01,20260101,2026,1,January,Jan,1,3,Thursday,False,1,Q1,1,2025,FY25-26,10,4
2026-01-02,20260102,2026,1,January,Jan,2,4,Friday,False,1,Q1,1,2025,FY25-26,10,4
2026-01-03,20260103,2026,1,January,Jan,3,5,Saturday,True,1,Q1,1,2025,FY25-26,10,4
2026-01-04,20260104,2026,1,January,Jan,4,6,Sunday,True,1,Q1,1,2025,FY25-26,10,4
2026-01-05,20260105,2026,1,January,Jan,5,0,Monday,False,1,Q1,2,2025,FY25-26,10,4
2026-01-06,20260106,2026,1,January,Jan,6,1,Tuesday,False,1,Q1,2,2025,FY25-26,10,4
2026-01-07,20260107,2026,1,January,Jan,7,2,Wednesday,False,1,Q1,2,2025,FY25-26,10,4
2026-01-08,20260108,2026,1,January,Jan,8,3,Thursday,False,1,Q1,2,2025,FY25-26,10,4
2026-01-09,20260109,2026,1,January,Jan,9,4,Friday,False,1,Q1,2,2025,FY25-26,10,4
2026-01-10,20260110,2026,1,January,Jan,10,5,Saturday,True,1,Q1,2,2025,FY25-26,10,4
2026-01-11,20260111,2026,1,January,Jan,11,6,Sunday,True,1,Q1,2,2025,FY25-26,10,4
2026-01-12,20260112,2026,1,January,Jan,12,0,Monday,False,1,Q1,3,2025,FY25-26,10,4
2026-01-13,20260113,2026,1,January,Jan,13,1,Tuesday,False,1,Q1,3,2025,FY25-26,10,4
2026-01-14,20260114,2026,1,January,Jan,14,2,Wednesday,False,1,Q1,3,2025,FY25-26,10,4
2026-01-15,20260115,2026,1,January,Jan,15,3,Thursday,False,1,Q1,3,2025,FY25-26,10,4
2026-01-16,20260116,2026,1,January,Jan,16,4,Friday,False,1,Q1,3,2025,FY25-26,10,4
2026-01-17,20260117,2026,1,January,Jan,17,5,Saturday,True,1,Q1,3,2025,FY25-26,10,4
2026-01-18,20260118,2026,1,January,Jan,18,6,Sunday,True,1,Q1,3,2025,FY25-26,10,4
2026-01-19,20260119,2026,1,January,Jan,19,0,Monday,False,1,Q1,4,2025,FY25-26,10,4
2026-01-20,20260120,2026,1,January,Jan,20,1,Tuesday,False,1,Q1,4,2025,FY25-26,10,4
2026-01-21,20260121,2026,1,January,Jan,21,2,Wednesday,False,1,Q1,4,2025,FY25-26,10,4
2026-01-22,20260122,2026,1,January,Jan,22,3,Thursday,False,1,Q1,4,2025,FY25-26,10,4
2026-01-23,20260123,2026,1,January,Jan,23,4,Friday,False,1,Q1,4,2025,FY25-26,10,4
2026-01-24,20260124,2026,1,January,Jan,24,5,Saturday,True,1,Q1,4,2025,FY25-26,10,4
2026-01-25,20260125,2026,1,January,Jan,25,6,Sunday,True,1,Q1,4,2025,FY25-26,10,4
2026-01-26,20260126,2026,1,January,Jan,26,0,Monday,False,1,Q1,5,2025,FY25-26,10,4
2026-01-27,20260127,2026,1,January,Jan,27,1,Tuesday,False,1,Q1,5,2025,FY25-26,10,4
2026-01-28,20260128,2026,1,January,Jan,28,2,Wednesday,False,1,Q1,5,2025,FY25-26,10,4
2026-01-29,20260129,2026,1,January,Jan,29,3,Thursday,False,1,Q1,5,2025,FY25-26,10,4
2026-01-30,20260130,2026,1,January,Jan,30,4,Friday,False,1,Q1,5,2025,FY25-26,10,4
2026-01-31,20260131,2026,1,January,Jan,31,5,Saturday,True,1,Q1,5,2025,FY25-26,10,4
2026-02-01,20260201,2026,2,February,Feb,1,6,Sunday,True,1,Q1,5,2025,FY25-26,11,4
2026-02-02,20260202,2026,2,February,Feb,2,0,Monday,False,1,Q1,6,2025,FY25-26,11,4
2026-02-03,20260203,2026,2,February,Feb,3,1,Tuesday,False,1,Q1,6,2025,FY25-26,11,4
2026-02-04,20260204,2026,2,February,Feb,4,2,Wednesday,False,1,Q1,6,2025,FY25-26,11,4
2026-02-05,20260205,2026,2,February,Feb,5,3,Thursday,False,1,Q1,6,2025,FY25-26,11,4
2026-02-06,20260206,2026,2,February,Feb,6,4,Friday,False,1,Q1,6,2025,FY25-26,11,4
2026-02-07,20260207,2026,2,February,Feb,7,5,Saturday,True,1,Q1,6,2025,FY25-26,11,4
2026-02-08,20260208,2026,2,February,Feb,8,6,Sunday,True,1,Q1,6,2025,FY25-26,11,4
2026-02-09,20260209,2026,2,February,Feb,9,0,Monday,False,1,Q1,7,2025,FY25-26,11,4
2026-02-10,20260210,2026,2,February,Feb,10,1,Tuesday,False,1,Q1,7,2025,FY25-26,11,4
2026-02-11,20260211,2026,2,February,Feb,11,2,Wednesday,False,1,Q1,7,2025,FY25-26,11,4
2026-02-12,20260212,2026,2,February,Feb,12,3,Thursday,False,1,Q1,7,2025,FY25-26,11,4
2026-02-13,20260213,2026,2,February,Feb,13,4,Friday,False,1,Q1,7,2025,FY25-26,11,4
2026-02-14,20260214,2026,2,February,Feb,14,5,Saturday,True,1,Q1,7,2025,FY25-26,11,4
2026-02-15,20260215,2026,2,February,Feb,15,6,Sunday,True,1,Q1,7,2025,FY25-26,11,4
2026-02-16,20260216,2026,2,February,Feb,16,0,Monday,False,1,Q1,8,2025,FY25-26,11,4
2026-02-17,20260217,2026,2,February,Feb,17,1,Tuesday,False,1,Q1,8,2025,FY25-26,11,4
2026-02-18,20260218,2026,2,February,Feb,18,2,Wednesday,False,1,Q1,8,2025,FY25-26,11,4
2026-02-19,20260219,2026,2,February,Feb,19,3,Thursday,False,1,Q1,8,2025,FY25-26,11,4
2026-02-20,20260220,2026,2,February,Feb,20,4,Friday,False,1,Q1,8,2025,FY25-26,11,4
2026-02-21,20260221,2026,2,February,Feb,21,5,Saturday,True,1,Q1,8,2025,FY25-26,11,4
2026-02-22,20260222,2026,2,February,Feb,22,6,Sunday,True,1,Q1,8,2025,FY25-26,11,4
2026-02-23,20260223,2026,2,February,Feb,23,0,Monday,False,1,Q1,9,2025,FY25-26,11,4
2026-02-24,20260224,2026,2,February,Feb,24,1,Tuesday,False,1,Q1,9,2025,FY25-26,11,4
2026-02-25,20260225,2026,2,February,Feb,25,2,Wednesday,False,1,Q1,9,2025,FY25-26,11,4
2026-02-26,20260226,2026,2,February,Feb,26,3,Thursday,False,1,Q1,9,2025,FY25-26,11,4
2026-02-27,20260227,2026,2,February,Feb,27,4,Friday,False,1,Q1,9,2025,FY25-26,11,4
2026-02-28,20260228,2026,2,February,Feb,28,5,Saturday,True,1,Q1,9,2025,FY25-26,11,4
2026-03-01,20260301,2026,3,March,Mar,1,6,Sunday,True,1,Q1,9,2025,FY25-26,12,4
2026-03-02,20260302,2026,3,March,Mar,2,0,Monday,False,1,Q1,10,2025,FY25-26,12,4
2026-03-03,20260303,2026,3,March,Mar,3,1,Tuesday,False,1,Q1,10,2025,FY25-26,12,4
2026-03-04,20260304,2026,3,March,Mar,4,2,Wednesday,False,1,Q1,10,2025,FY25-26,12,4
2026-03-05,20260305,2026,3,March,Mar,5,3,Thursday,False,1,Q1,10,2025,FY25-26,12,4
2026-03-06,20260306,2026,3,March,Mar,6,4,Friday,False,1,Q1,10,2025,FY25-26,12,4
2026-03-07,20260307,2026,3,March,Mar,7,5,Saturday,True,1,Q1,10,2025,FY25-26,12,4
2026-03-08,20260308,2026,3,March,Mar,8,6,Sunday,True,1,Q1,10,2025,FY25-26,12,4
2026-03-09,20260309,2026,3,March,Mar,9,0,Monday,False,1,Q1,11,2025,FY25-26,12,4
2026-03-10,20260310,2026,3,March,Mar,10,1,Tuesday,False,1,Q1,11,2025,FY25-26,12,4
2026-03-11,20260311,2026,3,March,Mar,11,2,Wednesday,False,1,Q1,11,2025,FY25-26,12,4
2026-03-12,20260312,2026,3,March,Mar,12,3,Thursday,False,1,Q1,11,2025,FY25-26,12,4
2026-03-13,20260313,2026,3,March,Mar,13,4,Friday,False,1,Q1,11,2025,FY25-26,12,4
2026-03-14,20260314,2026,3,March,Mar,14,5,Saturday,True,1,Q1,11,2025,FY25-26,12,4
2026-03-15,20260315,2026,3,March,Mar,15,6,Sunday,True,1,Q1,11,2025,FY25-26,12,4
2026-03-16,20260316,2026,3,March,Mar,16,0,Monday,False,1,Q1,12,2025,FY25-26,12,4
2026-03-17,20260317,2026,3,March,Mar,17,1,Tuesday,False,1,Q1,12,2025,FY25-26,12,4
2026-03-18,20260318,2026,3,March,Mar,18,2,Wednesday,False,1,Q1,12,2025,FY25-26,12,4
2026-03-19,20260319,2026,3,March,Mar,19,3,Thursday,False,1,Q1,12,2025,FY25-26,12,4
2026-03-20,20260320,2026,3,March,Mar,20,4,Friday,False,1,Q1,12,2025,FY25-26,12,4
2026-03-21,20260321,2026,3,March,Mar,21,5,Saturday,True,1,Q1,12,2025,FY25-26,12,4
2026-03-22,20260322,2026,3,March,Mar,22,6,Sunday,True,1,Q1,12,2025,FY25-26,12,4
2026-03-23,20260323,2026,3,March,Mar,23,0,Monday,False,1,Q1,13,2025,FY25-26,12,4
2026-03-24,20260324,2026,3,March,Mar,24,1,Tuesday,False,1,Q1,13,2025,FY25-26,12,4
2026-03-25,20260325,2026,3,March,Mar,25,2,Wednesday,False,1,Q1,13,2025,FY25-26,12,4
2026-03-26,20260326,2026,3,March,Mar,26,3,Thursday,False,1,Q1,13,2025,FY25-26,12,4
2026-03-27,20260327,2026,3,March,Mar,27,4,Friday,False,1,Q1,13,2025,FY25-26,12,4
2026-03-28,20260328,2026,3,March,Mar,28,5,Saturday,True,1,Q1,13,2025,FY25-26,12,4
2026-03-29,20260329,2026,3,March,Mar,29,6,Sunday,True,1,Q1,13,2025,FY25-26,12,4
2026-03-30,20260330,2026,3,March,Mar,30,0,Monday,False,1,Q1,14,2025,FY25-26,12,4
2026-03-31,20260331,2026,3,March,Mar,31,1,Tuesday,False,1,Q1,14,2025,FY25-26,12,4
2026-04-01,20260401,2026,4,April,Apr,1,2,Wednesday,False,2,Q2,14,2026,FY26-27,1,1
2026-04-02,20260402,2026,4,April,Apr,2,3,Thursday,False,2,Q2,14,2026,FY26-27,1,1
2026-04-03,20260403,2026,4,April,Apr,3,4,Friday,False,2,Q2,14,2026,FY26-27,1,1
2026-04-04,20260404,2026,4,April,Apr,4,5,Saturday,True,2,Q2,14,2026,FY26-27,1,1
2026-04-05,20260405,2026,4,April,Apr,5,6,Sunday,True,2,Q2,14,2026,FY26-27,1,1
2026-04-06,20260406,2026,4,April,Apr,6,0,Monday,False,2,Q2,15,2026,FY26-27,1,1
2026-04-07,20260407,2026,4,April,Apr,7,1,Tuesday,False,2,Q2,15,2026,FY26-27,1,1
2026-04-08,20260408,2026,4,April,Apr,8,2,Wednesday,False,2,Q2,15,2026,FY26-27,1,1
2026-04-09,20260409,2026,4,April,Apr,9,3,Thursday,False,2,Q2,15,2026,FY26-27,1,1
2026-04-10,20260410,2026,4,April,Apr,10,4,Friday,False,2,Q2,15,2026,FY26-27,1,1
2026-04-11,20260411,2026,4,April,Apr,11,5,Saturday,True,2,Q2,15,2026,FY26-27,1,1
2026-04-12,20260412,2026,4,April,Apr,12,6,Sunday,True,2,Q2,15,2026,FY26-27,1,1
2026-04-13,20260413,2026,4,April,Apr,13,0,Monday,False,2,Q2,16,2026,FY26-27,1,1
2026-04-14,20260414,2026,4,April,Apr,14,1,Tuesday,False,2,Q2,16,2026,FY26-27,1,1
2026-04-15,20260415,2026,4,April,Apr,15,2,Wednesday,False,2,Q2,16,2026,FY26-27,1,1
2026-04-16,20260416,2026,4,April,Apr,16,3,Thursday,False,2,Q2,16,2026,FY26-27,1,1
2026-04-17,20260417,2026,4,April,Apr,17,4,Friday,False,2,Q2,16,2026,FY26-27,1,1
2026-04-18,20260418,2026,4,April,Apr,18,5,Saturday,True,2,Q2,16,2026,FY26-27,1,1
2026-04-19,20260419,2026,4,April,Apr,19,6,Sunday,True,2,Q2,16,2026,FY26-27,1,1
2026-04-20,20260420,2026,4,April,Apr,20,0,Monday,False,2,Q2,17,2026,FY26-27,1,1
2026-04-21,20260421,2026,4,April,Apr,21,1,Tuesday,False,2,Q2,17,2026,FY26-27,1,1
2026-04-22,20260422,2026,4,April,Apr,22,2,Wednesday,False,2,Q2,17,2026,FY26-27,1,1
2026-04-23,20260423,2026,4,April,Apr,23,3,Thursday,False,2,Q2,17,2026,FY26-27,1,1
2026-04-24,20260424,2026,4,April,Apr,24,4,Friday,False,2,Q2,17,2026,FY26-27,1,1
2026-04-25,20260425,2026,4,April,Apr,25,5,Saturday,True,2,Q2,17,2026,FY26-27,1,1
2026-04-26,20260426,2026,4,April,Apr,26,6,Sunday,True,2,Q2,17,2026,FY26-27,1,1
2026-04-27,20260427,2026,4,April,Apr,27,0,Monday,False,2,Q2,18,2026,FY26-27,1,1
2026-04-28,20260428,2026,4,April,Apr,28,1,Tuesday,False,2,Q2,18,2026,FY26-27,1,1
2026-04-29,20260429,2026,4,April,Apr,29,2,Wednesday,False,2,Q2,18,2026,FY26-27,1,1
2026-04-30,20260430,2026,4,April,Apr,30,3,Thursday,False,2,Q2,18,2026,FY26-27,1,1
2026-05-01,20260501,2026,5,May,May,1,4,Friday,False,2,Q2,18,2026,FY26-27,2,1
2026-05-02,20260502,2026,5,May,May,2,5,Saturday,True,2,Q2,18,2026,FY26-27,2,1
2026-05-03,20260503,2026,5,May,May,3,6,Sunday,True,2,Q2,18,2026,FY26-27,2,1
2026-05-04,20260504,2026,5,May,May,4,0,Monday,False,2,Q2,19,2026,FY26-27,2,1
2026-05-05,20260505,2026,5,May,May,5,1,Tuesday,False,2,Q2,19,2026,FY26-27,2,1
2026-05-06,20260506,2026,5,May,May,6,2,Wednesday,False,2,Q2,19,2026,FY26-27,2,1
2026-05-07,20260507,2026,5,May,May,7,3,Thursday,False,2,Q2,19,2026,FY26-27,2,1
2026-05-08,20260508,2026,5,May,May,8,4,Friday,False,2,Q2,19,2026,FY26-27,2,1
2026-05-09,20260509,2026,5,May,May,9,5,Saturday,True,2,Q2,19,2026,FY26-27,2,1
2026-05-10,20260510,2026,5,May,May,10,6,Sunday,True,2,Q2,19,2026,FY26-27,2,1
2026-05-11,20260511,2026,5,May,May,11,0,Monday,False,2,Q2,20,2026,FY26-27,2,1
2026-05-12,20260512,2026,5,May,May,12,1,Tuesday,False,2,Q2,20,2026,FY26-27,2,1
2026-05-13,20260513,2026,5,May,May,13,2,Wednesday,False,2,Q2,20,2026,FY26-27,2,1
2026-05-14,20260514,2026,5,May,May,14,3,Thursday,False,2,Q2,20,2026,FY26-27,2,1
2026-05-15,20260515,2026,5,May,May,15,4,Friday,False,2,Q2,20,2026,FY26-27,2,1
2026-05-16,20260516,2026,5,May,May,16,5,Saturday,True,2,Q2,20,2026,FY26-27,2,1
2026-05-17,20260517,2026,5,May,May,17,6,Sunday,True,2,Q2,20,2026,FY26-27,2,1
2026-05-18,20260518,2026,5,May,May,18,0,Monday,False,2,Q2,21,2026,FY26-27,2,1
2026-05-19,20260519,2026,5,May,May,19,1,Tuesday,False,2,Q2,21,2026,FY26-27,2,1
2026-05-20,20260520,2026,5,May,May,20,2,Wednesday,False,2,Q2,21,2026,FY26-27,2,1
2026-05-21,20260521,2026,5,May,May,21,3,Thursday,False,2,Q2,21,2026,FY26-27,2,1
2026-05-22,20260522,2026,5,May,May,22,4,Friday,False,2,Q2,21,2026,FY26-27,2,1
2026-05-23,20260523,2026,5,May,May,23,5,Saturday,True,2,Q2,21,2026,FY26-27,2,1
2026-05-24,20260524,2026,5,May,May,24,6,Sunday,True,2,Q2,21,2026,FY26-27,2,1
2026-05-25,20260525,2026,5,May,May,25,0,Monday,False,2,Q2,22,2026,FY26-27,2,1
2026-05-26,20260526,2026,5,May,May,26,1,Tuesday,False,2,Q2,22,2026,FY26-27,2,1
2026-05-27,20260527,2026,5,May,May,27,2,Wednesday,False,2,Q2,22,2026,FY26-27,2,1
2026-05-28,20260528,2026,5,May,May,28,3,Thursday,False,2,Q2,22,2026,FY26-27,2,1
2026-05-29,20260529,2026,5,May,May,29,4,Friday,False,2,Q2,22,2026,FY26-27,2,1
2026-05-30,20260530,2026,5,May,May,30,5,Saturday,True,2,Q2,22,2026,FY26-27,2,1
2026-05-31,20260531,2026,5,May,May,31,6,Sunday,True,2,Q2,22,2026,FY26-27,2,1
2026-06-01,20260601,2026,6,June,Jun,1,0,Monday,False,2,Q2,23,2026,FY26-27,3,1
2026-06-02,20260602,2026,6,June,Jun,2,1,Tuesday,False,2,Q2,23,2026,FY26-27,3,1
2026-06-03,20260603,2026,6,June,Jun,3,2,Wednesday,False,2,Q2,23,2026,FY26-27,3,1
2026-06-04,20260604,2026,6,June,Jun,4,3,Thursday,False,2,Q2,23,2026,FY26-27,3,1
2026-06-05,20260605,2026,6,June,Jun,5,4,Friday,False,2,Q2,23,2026,FY26-27,3,1
2026-06-06,20260606,2026,6,June,Jun,6,5,Saturday,True,2,Q2,23,2026,FY26-27,3,1
2026-06-07,20260607,2026,6,June,Jun,7,6,Sunday,True,2,Q2,23,2026,FY26-27,3,1
2026-06-08,20260608,2026,6,June,Jun,8,0,Monday,False,2,Q2,24,2026,FY26-27,3,1
2026-06-09,20260609,2026,6,June,Jun,9,1,Tuesday,False,2,Q2,24,2026,FY26-27,3,1
2026-06-10,20260610,2026,6,June,Jun,10,2,Wednesday,False,2,Q2,24,2026,FY26-27,3,1
2026-06-11,20260611,2026,6,June,Jun,11,3,Thursday,False,2,Q2,24,2026,FY26-27,3,1
2026-06-12,20260612,2026,6,June,Jun,12,4,Friday,False,2,Q2,24,2026,FY26-27,3,1
2026-06-13,20260613,2026,6,June,Jun,13,5,Saturday,True,2,Q2,24,2026,FY26-27,3,1
2026-06-14,20260614,2026,6,June,Jun,14,6,Sunday,True,2,Q2,24,2026,FY26-27,3,1
2026-06-15,20260615,2026,6,June,Jun,15,0,Monday,False,2,Q2,25,2026,FY26-27,3,1
2026-06-16,20260616,2026,6,June,Jun,16,1,Tuesday,False,2,Q2,25,2026,FY26-27,3,1
2026-06-17,20260617,2026,6,June,Jun,17,2,Wednesday,False,2,Q2,25,2026,FY26-27,3,1
2026-06-18,20260618,2026,6,June,Jun,18,3,Thursday,False,2,Q2,25,2026,FY26-27,3,1
2026-06-19,20260619,2026,6,June,Jun,19,4,Friday,False,2,Q2,25,2026,FY26-27,3,1
2026-06-20,20260620,2026,6,June,Jun,20,5,Saturday,True,2,Q2,25,2026,FY26-27,3,1
2026-06-21,20260621,2026,6,June,Jun,21,6,Sunday,True,2,Q2,25,2026,FY26-27,3,1
2026-06-22,20260622,2026,6,June,Jun,22,0,Monday,False,2,Q2,26,2026,FY26-27,3,1
2026-06-23,20260623,2026,6,June,Jun,23,1,Tuesday,False,2,Q2,26,2026,FY26-27,3,1
2026-06-24,20260624,2026,6,June,Jun,24,2,Wednesday,False,2,Q2,26,2026,FY26-27,3,1
2026-06-25,20260625,2026,6,June,Jun,25,3,Thursday,False,2,Q2,26,2026,FY26-27,3,1
2026-06-26,20260626,2026,6,June,Jun,26,4,Friday,False,2,Q2,26,2026,FY26-27,3,1
2026-06-27,20260627,2026,6,June,Jun,27,5,Saturday,True,2,Q2,26,2026,FY26-27,3,1
2026-06-28,20260628,2026,6,June,Jun,28,6,Sunday,True,2,Q2,26,2026,FY26-27,3,1
2026-06-29,20260629,2026,6,June,Jun,29,0,Monday,False,2,Q2,27,2026,FY26-27,3,1
2026-06-30,20260630,2026,6,June,Jun,30,1,Tuesday,False,2,Q2,27,2026,FY26-27,3,1
2026-07-01,20260701,2026,7,July,Jul,1,2,Wednesday,False,3,Q3,27,2026,FY26-27,4,2
2026-07-02,20260702,2026,7,July,Jul,2,3,Thursday,False,3,Q3,27,2026,FY26-27,4,2
2026-07-03,20260703,2026,7,July,Jul,3,4,Friday,False,3,Q3,27,2026,FY26-27,4,2
2026-07-04,20260704,2026,7,July,Jul,4,5,Saturday,True,3,Q3,27,2026,FY26-27,4,2
2026-07-05,20260705,2026,7,July,Jul,5,6,Sunday,True,3,Q3,27,2026,FY26-27,4,2
2026-07-06,20260706,2026,7,July,Jul,6,0,Monday,False,3,Q3,28,2026,FY26-27,4,2
2026-07-07,20260707,2026,7,July,Jul,7,1,Tuesday,False,3,Q3,28,2026,FY26-27,4,2
2026-07-08,20260708,2026,7,July,Jul,8,2,Wednesday,False,3,Q3,28,2026,FY26-27,4,2
2026-07-09,20260709,2026,7,July,Jul,9,3,Thursday,False,3,Q3,28,2026,FY26-27,4,2
2026-07-10,20260710,2026,7,July,Jul,10,4,Friday,False,3,Q3,28,2026,FY26-27,4,2
2026-07-11,20260711,2026,7,July,Jul,11,5,Saturday,True,3,Q3,28,2026,FY26-27,4,2
2026-07-12,20260712,2026,7,July,Jul,12,6,Sunday,True,3,Q3,28,2026,FY26-27,4,2
2026-07-13,20260713,2026,7,July,Jul,13,0,Monday,False,3,Q3,29,2026,FY26-27,4,2
2026-07-14,20260714,2026,7,July,Jul,14,1,Tuesday,False,3,Q3,29,2026,FY26-27,4,2
2026-07-15,20260715,2026,7,July,Jul,15,2,Wednesday,False,3,Q3,29,2026,FY26-27,4,2
2026-07-16,20260716,2026,7,July,Jul,16,3,Thursday,False,3,Q3,29,2026,FY26-27,4,2
2026-07-17,20260717,2026,7,July,Jul,17,4,Friday,False,3,Q3,29,2026,FY26-27,4,2
2026-07-18,20260718,2026,7,July,Jul,18,5,Saturday,True,3,Q3,29,2026,FY26-27,4,2
2026-07-19,20260719,2026,7,July,Jul,19,6,Sunday,True,3,Q3,29,2026,FY26-27,4,2
2026-07-20,20260720,2026,7,July,Jul,20,0,Monday,False,3,Q3,30,2026,FY26-27,4,2
2026-07-21,20260721,2026,7,July,Jul,21,1,Tuesday,False,3,Q3,30,2026,FY26-27,4,2
2026-07-22,20260722,2026,7,July,Jul,22,2,Wednesday,False,3,Q3,30,2026,FY26-27,4,2
2026-07-23,20260723,2026,7,July,Jul,23,3,Thursday,False,3,Q3,30,2026,FY26-27,4,2
2026-07-24,20260724,2026,7,July,Jul,24,4,Friday,False,3,Q3,30,2026,FY26-27,4,2
2026-07-25,20260725,2026,7,July,Jul,25,5,Saturday,True,3,Q3,30,2026,FY26-27,4,2
2026-07-26,20260726,2026,7,July,Jul,26,6,Sunday,True,3,Q3,30,2026,FY26-27,4,2
2026-07-27,20260727,2026,7,July,Jul,27,0,Monday,False,3,Q3,31,2026,FY26-27,4,2
2026-07-28,20260728,2026,7,July,Jul,28,1,Tuesday,False,3,Q3,31,2026,FY26-27,4,2
2026-07-29,20260729,2026,7,July,Jul,29,2,Wednesday,False,3,Q3,31,2026,FY26-27,4,2
2026-07-30,20260730,2026,7,July,Jul,30,3,Thursday,False,3,Q3,31,2026,FY26-27,4,2
2026-07-31,20260731,2026,7,July,Jul,31,4,Friday,False,3,Q3,31,2026,FY26-27,4,2
2026-08-01,20260801,2026,8,August,Aug,1,5,Saturday,True,3,Q3,31,2026,FY26-27,5,2
2026-08-02,20260802,2026,8,August,Aug,2,6,Sunday,True,3,Q3,31,2026,FY26-27,5,2
2026-08-03,20260803,2026,8,August,Aug,3,0,Monday,False,3,Q3,32,2026,FY26-27,5,2
2026-08-04,20260804,2026,8,August,Aug,4,1,Tuesday,False,3,Q3,32,2026,FY26-27,5,2
2026-08-05,20260805,2026,8,August,Aug,5,2,Wednesday,False,3,Q3,32,2026,FY26-27,5,2
2026-08-06,20260806,2026,8,August,Aug,6,3,Thursday,False,3,Q3,32,2026,FY26-27,5,2
2026-08-07,20260807,2026,8,August,Aug,7,4,Friday,False,3,Q3,32,2026,FY26-27,5,2
2026-08-08,20260808,2026,8,August,Aug,8,5,Saturday,True,3,Q3,32,2026,FY26-27,5,2
2026-08-09,20260809,2026,8,August,Aug,9,6,Sunday,True,3,Q3,32,2026,FY26-27,5,2
2026-08-10,20260810,2026,8,August,Aug,10,0,Monday,False,3,Q3,33,2026,FY26-27,5,2
2026-08-11,20260811,2026,8,August,Aug,11,1,Tuesday,False,3,Q3,33,2026,FY26-27,5,2
2026-08-12,20260812,2026,8,August,Aug,12,2,Wednesday,False,3,Q3,33,2026,FY26-27,5,2
2026-08-13,20260813,2026,8,August,Aug,13,3,Thursday,False,3,Q3,33,2026,FY26-27,5,2
2026-08-14,20260814,2026,8,August,Aug,14,4,Friday,False,3,Q3,33,2026,FY26-27,5,2
2026-08-15,20260815,2026,8,August,Aug,15,5,Saturday,True,3,Q3,33,2026,FY26-27,5,2
2026-08-16,20260816,2026,8,August,Aug,16,6,Sunday,True,3,Q3,33,2026,FY26-27,5,2
2026-08-17,20260817,2026,8,August,Aug,17,0,Monday,False,3,Q3,34,2026,FY26-27,5,2
2026-08-18,20260818,2026,8,August,Aug,18,1,Tuesday,False,3,Q3,34,2026,FY26-27,5,2
2026-08-19,20260819,2026,8,August,Aug,19,2,Wednesday,False,3,Q3,34,2026,FY26-27,5,2
2026-08-20,20260820,2026,8,August,Aug,20,3,Thursday,False,3,Q3,34,2026,FY26-27,5,2
2026-08-21,20260821,2026,8,August,Aug,21,4,Friday,False,3,Q3,34,2026,FY26-27,5,2
2026-08-22,20260822,2026,8,August,Aug,22,5,Saturday,True,3,Q3,34,2026,FY26-27,5,2
2026-08-23,20260823,2026,8,August,Aug,23,6,Sunday,True,3,Q3,34,2026,FY26-27,5,2
2026-08-24,20260824,2026,8,August,Aug,24,0,Monday,False,3,Q3,35,2026,FY26-27,5,2
2026-08-25,20260825,2026,8,August,Aug,25,1,Tuesday,False,3,Q3,35,2026,FY26-27,5,2
2026-08-26,20260826,2026,8,August,Aug,26,2,Wednesday,False,3,Q3,35,2026,FY26-27,5,2
2026-08-27,20260827,2026,8,August,Aug,27,3,Thursday,False,3,Q3,35,2026,FY26-27,5,2
2026-08-28,20260828,2026,8,August,Aug,28,4,Friday,False,3,Q3,35,2026,FY26-27,5,2
2026-08-29,20260829,2026,8,August,Aug,29,5,Saturday,True,3,Q3,35,2026,FY26-27,5,2
2026-08-30,20260830,2026,8,August,Aug,30,6,Sunday,True,3,Q3,35,2026,FY26-27,5,2
2026-08-31,20260831,2026,8,August,Aug,31,0,Monday,False,3,Q3,36,2026,FY26-27,5,2
